Date;Open;High;Low;Close;Adj Close;Volume;MM200;Mayer;Variation;Gain;Loss;Simple RS;Classic RS;Simple RSI;Classic RSI
2021-05-18;19.110000610351562;19.299999237060547;18.350000381469727;18.350000381469727;18.350000381469727;934500;;;;0.0;0.0;;;;
2021-05-19;18.149999618530273;18.149999618530273;17.1200008392334;17.440000534057617;17.440000534057617;479400;;;-0.9099998474121094;0.0;-0.9099998474121094;;;;
2021-05-20;17.690000534057617;18.0;17.270000457763672;18.0;18.0;465300;;;0.5599994659423828;0.5599994659423828;0.0;;;;
2021-05-21;18.010000228881836;18.790000915527344;17.760000228881836;18.75;18.75;314300;;;0.75;0.75;0.0;;;;
2021-05-24;18.799999237060547;19.389999389648438;18.799999237060547;19.389999389648438;19.389999389648438;224400;;;0.6399993896484375;0.6399993896484375;0.0;;;;
2021-05-25;19.309999465942383;19.770000457763672;19.309999465942383;19.5;19.5;201300;;;0.1100006103515625;0.1100006103515625;0.0;;;;
2021-05-26;19.75;19.950000762939453;19.329999923706055;19.75;19.75;185800;;;0.25;0.25;0.0;;;;
2021-05-27;19.889999389648438;20.200000762939453;19.270000457763672;20.0;20.0;196900;;;0.25;0.25;0.0;;;;
2021-05-28;20.0;20.09000015258789;19.5;20.0;20.0;546300;;;0.0;0.0;0.0;;;;
2021-05-31;19.959999084472656;20.290000915527344;19.68000030517578;20.0;20.0;93700;;;0.0;0.0;0.0;;;;
2021-06-01;20.030000686645508;20.030000686645508;19.68000030517578;19.739999771118164;19.739999771118164;80000;;;-0.26000022888183594;0.0;-0.26000022888183594;;;;
2021-06-02;19.950000762939453;19.950000762939453;19.299999237060547;19.299999237060547;19.299999237060547;36900;;;-0.4400005340576172;0.0;-0.4400005340576172;;;;
2021-06-04;19.299999237060547;19.5;18.600000381469727;19.200000762939453;19.200000762939453;291600;;;-0.09999847412109375;0.0;-0.09999847412109375;;;;
2021-06-07;19.18000030517578;19.440000534057617;18.700000762939453;19.299999237060547;19.299999237060547;33100;;;0.09999847412109375;0.09999847412109375;0.0;1.5555551837525041;1.5555551837525041;60.86955952437589;60.86955952437589
2021-06-08;19.190000534057617;19.940000534057617;18.670000076293945;18.690000534057617;18.690000534057617;206500;;;-0.6099987030029297;0.0;-0.6099987030029297;1.1465519296713849;1.123822132034773;53.41365907914048;52.91507773101843
2021-06-09;18.780000686645508;19.18000030517578;18.649999618530273;19.0;19.0;63600;;;0.3099994659423828;0.3099994659423828;0.0;2.1063842163288222;1.2757182213382763;67.8082320035151;56.05782866158481
2021-06-10;19.0;19.0;18.15999984741211;18.40999984741211;18.40999984741211;156100;;;-0.5900001525878906;0.0;-0.5900001525878906;1.2050001192094033;0.9728422191750858;54.64852852894415;49.31170925477584
2021-06-11;18.40999984741211;19.149999618530273;18.200000762939453;19.149999618530273;19.149999618530273;132300;;;0.7399997711181641;0.7399997711181641;0.0;1.2;1.293523973124926;54.54545454545455;56.39897329533904
2021-06-14;19.170000076293945;19.540000915527344;18.850000381469727;19.3700008392334;19.3700008392334;200100;;;0.220001220703125;0.220001220703125;0.0;0.9900007152564193;1.3961960716762456;49.74876178016116;58.26718807278339
2021-06-15;19.450000762939453;20.0;18.790000915527344;20.0;20.0;318700;;;0.6299991607666016;0.6299991607666016;0.0;1.2500002384188063;1.7128260291081894;55.55556026506235;63.13807117485014
2021-06-16;20.0;20.09000015258789;19.700000762939453;19.850000381469727;19.850000381469727;120000;;;-0.14999961853027344;0.0;-0.14999961853027344;1.0465118548497272;1.5842087611230273;51.13636905497287;61.30343588938894
2021-06-17;19.899999618530273;19.899999618530273;19.139999389648438;19.649999618530273;19.649999618530273;132500;;;-0.20000076293945312;0.0;-0.20000076293945312;0.8510635707537523;1.4300194872930174;45.97700393440294;58.84806664188624
2021-06-18;19.18000030517578;19.469999313354492;18.899999618530273;18.899999618530273;18.899999618530273;123400;;;-0.75;0.0;-0.75;0.6451609926093281;1.0265330219198707;39.21567527479864;50.65464074932108
2021-06-21;19.18000030517578;20.389999389648438;18.690000534057617;20.389999389648438;20.389999389648438;278800;;;1.489999771118164;1.489999771118164;0.0;1.125806316649562;1.6301989123689526;52.95902584502248;61.98006183877076
2021-06-22;20.200000762939453;21.84000015258789;19.700000762939453;21.84000015258789;21.84000015258789;312900;;;1.4500007629394531;1.4500007629394531;0.0;1.7394372109172942;2.262848675218215;63.49615183677992;69.35193447384987
2021-06-23;23.0;23.75;22.06999969482422;23.75;23.75;768900;;;1.9099998474121094;1.9099998474121094;0.0;2.854168752831223;3.160304611873097;74.05406809794167;75.96329852515849
2021-06-24;23.950000762939453;26.329999923706055;23.950000762939453;25.799999237060547;25.799999237060547;662000;;;2.049999237060547;2.049999237060547;0.0;3.8695655058373184;4.197637590279436;79.46428693070737;80.76049007591085
2021-06-25;26.190000534057617;28.780000686645508;25.5;27.049999237060547;27.049999237060547;569000;;;1.25;1.25;0.0;4.3695663351196075;4.878813345557377;81.37652209528528;82.98976440958614
2021-06-28;26.90999984741211;27.549999237060547;24.90999984741211;26.049999237060547;26.049999237060547;438400;;;-1.0;0.0;-1.0;3.7360584541970523;3.0745094557715005;78.88539574266004;75.45716825902784
2021-06-29;26.5;29.0;25.389999389648438;26.700000762939453;26.700000762939453;605100;;;0.6500015258789062;0.6500015258789062;0.0;3.862453246923603;3.3333870963621504;79.43424956049327;76.92336323151252
2021-06-30;26.600000381469727;27.5;25.93000030517578;26.549999237060547;26.549999237060547;1489300;;;-0.15000152587890625;0.0;-0.15000152587890625;4.617774439685025;3.1318907699009992;82.1993565114361;75.7980049403881
2021-07-01;26.149999618530273;26.399999618530273;24.030000686645508;24.030000686645508;24.030000686645508;498500;;;-2.519998550415039;0.0;-2.519998550415039;2.023060922388912;1.495913686230552;66.9209445104477;59.934511937780684
2021-07-02;23.739999771118164;25.700000762939453;23.100000381469727;24.90999984741211;24.90999984741211;382400;;;0.8799991607666016;0.8799991607666016;0.0;2.1614252571321635;1.692357003545814;68.36869706965224;62.85782313849881
2021-07-05;25.479999542236328;26.690000534057617;23.8700008392334;23.8700008392334;23.8700008392334;264600;;;-1.039999008178711;0.0;-1.039999008178711;1.6660931488753044;1.353865275911899;62.491933171132764;57.516684993256675
2021-07-06;23.450000762939453;23.780000686645508;22.43000030517578;22.43000030517578;22.43000030517578;396500;;;-1.4400005340576172;0.0;-1.4400005340576172;1.3633802514207731;1.0428441456344464;57.687722938412534;51.04863960684432
2021-07-07;22.290000915527344;22.790000915527344;21.40999984741211;21.40999984741211;21.40999984741211;289000;;;-1.0200004577636719;0.0;-1.0200004577636719;1.2222222489807606;0.8873445911720309;55.0000005418604;47.015505028734296
2021-07-08;21.0;21.239999771118164;20.299999237060547;20.950000762939453;20.950000762939453;165800;;;-0.45999908447265625;0.0;-0.45999908447265625;1.2686764573907516;0.8274236076076739;55.92143618618412;45.27815029657382
2021-07-12;20.950000762939453;21.84000015258789;19.670000076293945;20.31999969482422;20.31999969482422;333400;;;-0.6300010681152344;0.0;-0.6300010681152344;0.9915254609098607;0.7524774897895223;49.78723498000704;42.93792611737895
2021-07-13;20.100000381469727;20.780000686645508;19.700000762939453;20.6200008392334;20.6200008392334;210900;;;0.3000011444091797;0.3000011444091797;0.0;0.8523003293524551;0.7989276849156474;46.0130744375784;44.411328571726855
2021-07-14;20.81999969482422;21.100000381469727;19.420000076293945;20.850000381469727;20.850000381469727;472000;;;0.22999954223632812;0.22999954223632812;0.0;0.6489104675336251;0.8372786490340106;39.35389339266186;45.57167468713731
2021-07-15;20.31999969482422;20.43000030517578;19.899999618530273;19.989999771118164;19.989999771118164;157200;;;-0.8600006103515625;0.0;-0.8600006103515625;0.3629387136733252;0.725274264306613;26.629129397546464;42.03820107396666
2021-07-16;19.860000610351562;20.299999237060547;19.75;20.229999542236328;20.229999542236328;64800;;;0.23999977111816406;0.23999977111816406;0.0;0.2521930847324913;0.7654775695656924;20.140111601588018;43.35810223598592
2021-07-19;20.15999984741211;20.15999984741211;19.010000228881836;19.010000228881836;19.010000228881836;205400;;;-1.2199993133544922;0.0;-1.2199993133544922;0.24625279516423826;0.6273956789375814;19.759457801800608;38.552128843500824
2021-07-20;19.100000381469727;19.809999465942383;18.600000381469727;19.809999465942383;19.809999465942383;164000;;;0.7999992370605469;0.7999992370605469;0.0;0.2623125070198189;0.7547808649121887;20.780314348553034;43.012827413635996
2021-07-21;19.399999618530273;19.75;18.709999084472656;18.709999084472656;18.709999084472656;180600;;;-1.1000003814697266;0.0;-1.1000003814697266;0.23809514982882982;0.6350015888911699;19.230763472560824;38.837979926479285
2021-07-22;18.899999618530273;21.799999237060547;18.700000762939453;21.479999542236328;21.479999542236328;786800;;;2.770000457763672;2.770000457763672;0.0;0.671814543863861;1.065362175420838;40.1847529278683;51.58234173644436
2021-07-23;21.579999923706055;22.770000457763672;20.729999542236328;20.850000381469727;20.850000381469727;574700;;;-0.6299991607666016;0.0;-0.6299991607666016;0.5166667082953093;0.9637720214256849;34.065935875656436;49.077592047879016
2021-07-26;21.030000686645508;21.760000228881836;19.6299991607666;20.200000762939453;20.200000762939453;332500;;;-0.6499996185302734;0.0;-0.6499996185302734;0.5418227251653571;0.8714405178276743;35.14170055492261;46.56522660090862
2021-07-27;19.899999618530273;20.1299991607666;19.110000610351562;20.010000228881836;20.010000228881836;258300;;;-0.1900005340576172;0.0;-0.1900005340576172;0.6420118351542963;0.8459290221022865;39.09909913006003;45.82673612980402
2021-07-28;19.979999542236328;20.1299991607666;19.299999237060547;19.299999237060547;19.299999237060547;190800;;;-0.7100009918212891;0.0;-0.7100009918212891;0.6728681611209649;0.7567726444477727;40.22242617553828;43.07743787106032
2021-07-29;19.440000534057617;20.260000228881836;18.959999084472656;19.889999389648438;19.889999389648438;139600;;;0.5900001525878906;0.5900001525878906;0.0;0.8230382176516627;0.8510910264795192;45.14651474020414;45.977805213510166
2021-07-30;19.469999313354492;19.809999465942383;18.149999618530273;18.649999618530273;18.649999618530273;284400;;;-1.239999771118164;0.0;-1.239999771118164;0.7469697000347658;0.7013657679416025;42.75802265030129;41.22369105792871
2021-08-02;18.780000686645508;19.15999984741211;18.149999618530273;18.149999618530273;18.149999618530273;298700;;;-0.5;0.0;-0.5;0.6521125228176642;0.6515890859422614;39.471435135997375;39.45225186387799
2021-08-03;18.100000381469727;18.100000381469727;17.239999771118164;17.34000015258789;17.34000015258789;194200;;;-0.8099994659423828;0.0;-0.8099994659423828;0.5562578638948784;0.5797999149968214;35.74329658342869;36.70084480274124
2021-08-04;17.459999084472656;18.18000030517578;16.860000610351562;17.309999465942383;17.309999465942383;105800;;;-0.030000686645507812;0.0;-0.030000686645507812;0.6214688793707043;0.577263092537798;38.32752433780276;36.59903634776544
2021-08-05;17.489999771118164;17.850000381469727;16.559999465942383;16.559999465942383;16.559999465942383;92800;;;-0.75;0.0;-0.75;0.5312898962894396;0.5164302197336271;34.695579039399405;34.055653403184095
2021-08-06;16.559999465942383;16.559999465942383;15.489999771118164;15.489999771118164;15.489999771118164;243500;;;-1.0699996948242188;0.0;-1.0699996948242188;0.5416666252745539;0.4444669223943003;35.13513339358235;30.77030809799139
2021-08-09;15.449999809265137;15.449999809265137;14.770000457763672;14.800000190734863;14.800000190734863;161500;;;-0.6899995803833008;0.0;-0.6899995803833008;0.40143377016630966;0.40525010064785383;28.644505271103256;28.838290099465127
2021-08-10;14.819999694824219;15.4399995803833;14.25;14.399999618530273;14.399999618530273;141600;;;-0.40000057220458984;0.0;-0.40000057220458984;0.4380704793910609;0.3840925540678351;30.462378977180464;27.750496376777022
2021-08-11;14.4399995803833;14.960000038146973;14.369999885559082;14.890000343322754;14.890000343322754;20600;;;0.49000072479248047;0.49000072479248047;0.0;0.1408084571887273;0.45296776906041797;12.34286582479578;31.175348738350607
2021-08-12;14.979999542236328;15.380000114440918;13.979999542236328;14.399999618530273;14.399999618530273;38200;;;-0.49000072479248047;0.0;-0.49000072479248047;0.14342638009498493;0.4216896524011936;12.543560529281336;29.6611606962864
2021-08-13;14.300000190734863;14.399999618530273;13.170000076293945;13.170000076293945;13.170000076293945;101400;;;-1.2299995422363281;0.0;-1.2299995422363281;0.13316900975346407;0.3553565216682257;11.751910668862791;26.218675011858807
2021-08-16;13.100000381469727;13.4399995803833;11.899999618530273;11.989999771118164;11.989999771118164;164700;;;-1.1800003051757812;0.0;-1.1800003051757812;0.11868139768391318;0.30567849949255527;10.6090436409891;23.411467647767466
2021-08-17;12.0;12.979999542236328;11.149999618530273;11.40999984741211;11.40999984741211;307500;;;-0.5799999237060547;0.0;-0.5799999237060547;0.12040143202115053;0.2846169071762003;10.746276163174144;22.155780885823404
2021-08-18;11.600000381469727;13.449999809265137;11.59000015258789;12.0;12.0;379600;;;0.5900001525878906;0.5900001525878906;0.0;0.12040143202115053;0.36009747872779097;10.746276163174144;26.475858117509276
2021-08-19;11.789999961853027;13.729999542236328;11.710000038146973;13.729999542236328;13.729999542236328;221400;;;1.7299995422363281;1.7299995422363281;0.0;0.36351878904836515;0.598446694692352;26.660343221384892;37.439265048968885
2021-08-20;13.739999771118164;16.5;13.390000343322754;16.299999237060547;16.299999237060547;449900;;;2.5699996948242188;2.5699996948242188;0.0;0.7441216798648764;0.9797631038187901;42.664550785385934;49.48890611856099
2021-08-23;16.459999084472656;17.68000030517578;15.5;16.299999237060547;16.299999237060547;234300;;;0.0;0.0;0.0;0.8380061139129623;0.97976310381879;45.593216887016595;49.48890611856098
2021-08-24;16.309999465942383;17.5;16.100000381469727;17.280000686645508;17.280000686645508;271300;;;0.9800014495849609;0.9800014495849609;0.0;0.9953053556048361;1.1483984108466883;49.882357745846356;53.45369858070702
2021-08-25;17.440000534057617;18.690000534057617;17.059999465942383;18.09000015258789;18.09000015258789;162900;;;0.8099994659423828;0.8099994659423828;0.0;1.2712767009769579;1.2985020444572983;55.97189899540359;56.49340393620964
2021-08-26;17.950000762939453;18.5;16.610000610351562;16.93000030517578;16.93000030517578;135700;;;-1.1599998474121094;0.0;-1.1599998474121094;1.251308971977456;1.0544077273619665;55.58139675863141;51.32417062682661
2021-08-27;17.219999313354492;17.479999542236328;16.290000915527344;16.850000381469727;16.850000381469727;97300;;;-0.07999992370605469;0.0;-0.07999992370605469;1.4003905966237697;1.0398893366535251;58.34011342126845;50.977732858758024
2021-08-30;17.010000228881836;17.989999771118164;16.760000228881836;17.440000534057617;17.440000534057617;96300;;;0.5900001525878906;0.5900001525878906;0.0;1.6440679541403909;1.1492489923169957;62.17948943278545;53.47211962993869
2021-08-31;17.3799991607666;17.3799991607666;16.31999969482422;17.049999237060547;17.049999237060547;108900;;;-0.3900012969970703;0.0;-0.3900012969970703;1.4227002412179408;1.0662425581035115;58.72374208799023;51.60297148666592
2021-09-01;17.139999389648438;17.579999923706055;16.479999542236328;16.860000610351562;16.860000610351562;74600;;;-0.18999862670898438;0.0;-0.18999862670898438;1.5114347744193195;1.0273138610506605;60.18212337482606;50.67364658170159
2021-09-02;16.979999542236328;16.979999542236328;15.300000190734863;16.489999771118164;16.489999771118164;179400;;;-0.37000083923339844;0.0;-0.37000083923339844;1.8405060895111298;0.9542483848397225;64.7950059430393;48.8294319310892
2021-09-03;16.81999969482422;16.899999618530273;15.600000381469727;16.079999923706055;16.079999923706055;111500;;;-0.4099998474121094;0.0;-0.4099998474121094;2.286163446566653;0.8795937341692716;69.56937729178416;46.79701353431185
2021-09-06;15.670000076293945;16.190000534057617;15.609999656677246;16.190000534057617;16.190000534057617;28000;;;0.1100006103515625;0.1100006103515625;0.0;2.8384615328184957;0.9021980578371712;73.94789575328315;47.429238723068856
2021-09-08;15.760000228881836;15.989999771118164;14.699999809265137;15.5;15.5;76900;;;-0.6900005340576172;0.0;-0.6900005340576172;2.063829491196052;0.7826844783533519;67.36110795742678;43.90482375637834
2021-09-09;15.130000114440918;16.0;14.869999885559082;15.970000267028809;15.970000267028809;71800;;;0.4700002670288086;0.4700002670288086;0.0;1.6808510946670778;0.8798581756484448;62.69841312748535;46.80449765019871
2021-09-10;15.970000267028809;16.100000381469727;15.100000381469727;15.5;15.5;57500;;;-0.4700002670288086;0.0;-0.4700002670288086;0.787234312379475;0.7965050405790995;44.047627494985406;44.33636547562081
2021-09-13;15.539999961853027;16.100000381469727;15.399999618530273;15.399999618530273;15.399999618530273;63900;;;-0.10000038146972656;0.0;-0.10000038146972656;0.7668395715385157;0.7795827281378239;43.401765722893145;43.807051833639015
2021-09-14;15.149999618530273;15.5;14.600000381469727;14.640000343322754;14.640000343322754;94100;;;-0.7599992752075195;0.0;-0.7599992752075195;0.428571458060425;0.6641036625830928;30.000001444960787;39.907589744273665
2021-09-15;14.640000343322754;14.84000015258789;14.15999984741211;14.84000015258789;14.84000015258789;85800;;;0.19999980926513672;0.19999980926513672;0.0;0.29653692432244755;0.7060836340502662;22.87146002242966;41.38622632315004
2021-09-16;15.279999732971191;15.300000190734863;13.90999984741211;14.600000381469727;14.600000381469727;129200;;;-0.23999977111816406;0.0;-0.23999977111816406;0.37027042074040173;0.6697490514373649;27.021704266252243;40.11076100692059
2021-09-17;14.600000381469727;14.600000381469727;13.75;14.0;14.0;134600;;;-0.6000003814697266;0.0;-0.6000003814697266;0.3246446547247995;0.5882501986946181;24.50805607125224;37.03762789880968
2021-09-20;13.8100004196167;13.979999542236328;12.800000190734863;13.979999542236328;13.979999542236328;73500;;;-0.020000457763671875;0.0;-0.020000457763671875;0.1839623532714165;0.5856917214061288;15.53785496330255;36.93603955293155
2021-09-21;13.989999771118164;14.180000305175781;13.430000305175781;13.869999885559082;13.869999885559082;83000;;;-0.1099996566772461;0.0;-0.1099996566772461;0.19696986846760192;0.5709828739796331;16.45570817248465;36.34558233809464
2021-09-22;13.850000381469727;14.279999732971191;13.199999809265137;13.199999809265137;13.199999809265137;119900;;;-0.6700000762939453;0.0;-0.6700000762939453;0.17567577146104787;0.49022686128591625;14.942535665486275;32.89612300122543
2021-09-23;13.25;13.600000381469727;12.770000457763672;13.0;13.0;152600;;;-0.19999980926513672;0.0;-0.19999980926513672;0.18266993045101867;0.468907303357562;15.44555465119133;31.92218476181273
2021-09-24;12.829999923706055;12.850000381469727;12.390000343322754;12.399999618530273;12.399999618530273;112000;;;-0.6000003814697266;0.0;-0.6000003814697266;0.17488800744122393;0.41114054158210095;14.885504519031628;29.13533623810075
2021-09-27;12.460000038146973;12.850000381469727;12.020000457763672;12.020000457763672;12.020000457763672;62400;;;-0.37999916076660156;0.0;-0.37999916076660156;0.1384297634651322;0.37927231049736443;12.15971049841336;27.49800076538905
2021-09-28;12.039999961853027;12.069999694824219;11.5;11.699999809265137;11.699999809265137;70500;;;-0.32000064849853516;0.0;-0.32000064849853516;0.14988815129071384;0.3543626129830934;13.035020068905737;26.164530059094076
2021-09-29;11.770000457763672;11.800000190734863;11.329999923706055;11.460000038146973;11.460000038146973;50100;;;-0.23999977111816406;0.0;-0.23999977111816406;0.04246280417097861;0.3365116334675233;4.073315997566681;25.178354235081216
2021-09-30;11.5;11.850000381469727;11.180000305175781;11.399999618530273;11.399999618530273;175100;;;-0.06000041961669922;0.0;-0.06000041961669922;0.04651158148692014;0.33200873852746476;4.444440205891922;24.925417448424582
2021-10-01;11.420000076293945;11.600000381469727;10.890000343322754;10.90999984741211;10.90999984741211;115500;;;-0.48999977111816406;0.0;-0.48999977111816406;0.042643886387894146;0.2970505899628428;4.089976160089378;22.90200492267249
2021-10-04;10.949999809265137;10.949999809265137;9.800000190734863;9.800000190734863;9.800000190734863;296200;;;-1.109999656677246;0.0;-1.109999656677246;0.03968250213867144;0.23634185316810033;3.8167904198678855;19.11622198686223
2021-10-05;10.029999732971191;10.029999732971191;9.029999732971191;9.039999961853027;9.039999961853027;197000;;;-0.7600002288818359;0.0;-0.7600002288818359;0.0;0.20539068268053892;0.0;17.03934546961925
2021-10-06;8.880000114440918;8.899999618530273;8.350000381469727;8.359999656677246;8.359999656677246;288100;;;-0.6800003051757812;0.0;-0.6800003051757812;0.0;0.18237697855435178;0.0;15.424605000119115
2021-10-07;8.600000381469727;9.199999809265137;8.4399995803833;8.930000305175781;8.930000305175781;200800;;;0.5700006484985352;0.5700006484985352;0.0;0.101063938617196;0.2835248417362933;9.178752938191792;22.089548446351372
2021-10-08;9.010000228881836;9.470000267028809;8.90999984741211;9.399999618530273;9.399999618530273;458600;;;0.4699993133544922;0.4699993133544922;0.0;0.18505337776347078;0.37334281882;15.615615400609101;27.184968946121003
2021-10-11;9.470000267028809;9.520000457763672;9.119999885559082;9.1899995803833;9.1899995803833;244800;;;-0.21000003814697266;0.0;-0.21000003814697266;0.1818181666612481;0.35787594266795153;15.384614299414793;26.355569858966476
2021-10-13;9.270000457763672;9.300000190734863;8.770000457763672;9.270000457763672;9.270000457763672;126900;;;0.0800008773803711;0.0800008773803711;0.0;0.221782336026094;0.3748722613513097;18.152360652671717;27.26597022059795
2021-10-14;9.199999809265137;9.479999542236328;8.710000038146973;9.140000343322754;9.140000343322754;304500;;;-0.13000011444091797;0.0;-0.13000011444091797;0.2248997445187191;0.36404439510168196;18.360665476919124;26.688603128239407
2021-10-15;9.180000305175781;9.399999618530273;8.899999618530273;9.0600004196167;9.0600004196167;94600;;;-0.07999992370605469;0.0;-0.07999992370605469;0.2511212622542337;0.35720670057255094;20.071696471832865;26.31925560210246
2021-10-18;9.0;9.5;8.869999885559082;9.100000381469727;9.100000381469727;205200;;;0.039999961853027344;0.039999961853027344;0.0;0.28431386069485914;0.36732039979502495;22.13741277704777;26.864252142372038
2021-10-19;9.0;9.15999984741211;8.390000343322754;8.479999542236328;8.479999542236328;247400;;;-0.6200008392333984;0.0;-0.6200008392333984;0.2648403009603803;0.31426564365234966;20.938635554171526;23.91188152640163
2021-10-20;8.600000381469727;9.0;8.529999732971191;8.8100004196167;8.8100004196167;358900;;;0.3300008773803711;0.3300008773803711;0.0;0.359903674317098;0.39705733882622907;26.465379946695904;28.420976562051933
2021-10-21;8.65999984741211;9.09000015258789;8.5;9.0;9.0;179500;;;0.18999958038330078;0.18999958038330078;0.0;0.41176492587638097;0.4483917997291663;29.16667770455976;30.957907923326474
2021-10-22;8.760000228881836;8.989999771118164;8.010000228881836;8.5;8.5;142100;;;-0.5;0.0;-0.5;0.41075814289581614;0.3914435715192175;29.116127733465817;28.13219159809897
2021-10-25;8.609999656677246;9.09000015258789;8.5;9.020000457763672;9.020000457763672;123800;;;0.5200004577636719;0.5200004577636719;0.0;0.7382552504865977;0.5336898654566113;42.471049650500674;34.79776958020915
2021-10-26;8.75;8.890000343322754;8.300000190734863;8.40999984741211;8.40999984741211;82900;;;-0.6100006103515625;0.0;-0.6100006103515625;0.7773852626073641;0.4523939103993067;43.737577831998344;31.148155273862997
2021-10-27;8.5;8.680000305175781;8.170000076293945;8.680000305175781;8.680000305175781;45500;;;0.2700004577636719;0.2700004577636719;0.0;1.1488374052979897;0.5250043215543032;53.4632077078291;34.42641533102099
2021-10-28;8.550000190734863;8.739999771118164;8.199999809265137;8.199999809265137;8.199999809265137;41800;;;-0.48000049591064453;0.0;-0.48000049591064453;0.7224334848937015;0.4609284813729175;41.94260569303121;31.550379587353717
2021-10-29;8.239999771118164;8.390000343322754;7.889999866485596;8.029999732971191;8.029999732971191;101200;;;-0.1700000762939453;0.0;-0.1700000762939453;0.5107146932151233;0.4404264480219688;33.806164427262786;30.57611505445307
2021-11-01;8.119999885559082;8.5;7.909999847412109;8.279999732971191;8.279999732971191;68200;;;0.25;0.25;0.0;0.6486489870072103;0.5108696302678287;39.344274743691905;33.812952489968836
2021-11-03;8.449999809265137;9.15999984741211;8.229999542236328;9.039999961853027;9.039999961853027;57100;;;0.7600002288818359;0.7600002288818359;0.0;0.9111967903545677;0.7414898409817542;47.67676436844169;42.57790218079847
2021-11-04;9.170000076293945;9.399999618530273;8.210000038146973;8.210000038146973;8.210000038146973;124400;;;-0.8299999237060547;0.0;-0.8299999237060547;0.7173252958055456;0.5832828746244353;41.76991380477337;36.84009244164872
2021-11-05;8.260000228881836;8.529999732971191;8.149999618530273;8.300000190734863;8.300000190734863;106900;;;0.09000015258789062;0.09000015258789062;0.0;0.7632399475806247;0.60819841291688;43.2862214032685;37.81861790385406
2021-11-08;8.670000076293945;8.770000457763672;8.0;8.550000190734863;8.550000190734863;138100;;;0.25;0.25;0.0;0.8286604805624357;0.682731948109754;45.31516316837378;40.572828540914095
2021-11-09;8.529999732971191;8.770000457763672;8.210000038146973;8.539999961853027;8.539999961853027;140800;;;-0.010000228881835938;0.0;-0.010000228881835938;1.0230770726174934;0.680546882988724;50.57034585903432;40.49556069381554
2021-11-10;8.579999923706055;8.989999771118164;8.149999618530273;8.149999618530273;8.149999618530273;248500;;;-0.3900003433227539;0.0;-0.3900003433227539;0.7792640700372921;0.5999089752552672;43.79698793226119;37.49644414361455
2021-11-11;8.170000076293945;8.5600004196167;8.0600004196167;8.239999771118164;8.239999771118164;279700;;;0.09000015258789062;0.09000015258789062;0.0;0.7458194641310214;0.6293561844386595;42.720308683363875;38.62606534098517
2021-11-12;8.239999771118164;8.25;7.440000057220459;7.440000057220459;7.440000057220459;201500;;;-0.7999997138977051;0.0;-0.7999997138977051;0.6778117038978739;0.49096064530703765;40.39855618620309;32.92914852262467
2021-11-16;7.590000152587891;7.800000190734863;7.010000228881836;7.289999961853027;7.289999961853027;175600;;;-0.15000009536743164;0.0;-0.15000009536743164;0.4970930965930277;0.4700873720126716;33.20388676724747;31.97683219121072
2021-11-17;7.400000095367432;7.400000095367432;7.0;7.0;7.0;121300;;;-0.28999996185302734;0.0;-0.28999996185302734;0.54807709354381;0.431859716593337;35.40373382110893;30.160756084458626
2021-11-18;7.079999923706055;7.239999771118164;6.579999923706055;6.71999979019165;6.71999979019165;159000;;;-0.2800002098083496;0.0;-0.2800002098083496;0.4235294381639868;0.39819035273530834;29.752067418446828;28.478980130017376
2021-11-19;6.71999979019165;7.099999904632568;6.539999961853027;6.559999942779541;6.559999942779541;135000;;;-0.15999984741210938;0.0;-0.15999984741210938;0.4675325801268232;0.379960764322087;31.85841230771308;27.534171560938887
2021-11-22;6.570000171661377;6.929999828338623;6.059999942779541;6.170000076293945;6.170000076293945;233600;;;-0.3899998664855957;0.0;-0.3899998664855957;0.4363637729781311;0.3391975510820314;30.379753457119165;25.328417813187457
2021-11-23;6.190000057220459;6.400000095367432;5.880000114440918;6.110000133514404;6.110000133514404;204100;;;-0.059999942779541016;0.0;-0.059999942779541016;0.35416681153906143;0.3332737317616267;26.153854054105608;24.996647261720156
2021-11-24;6.150000095367432;6.179999828338623;5.960000038146973;6.0;6.0;856600;;;-0.1100001335144043;0.0;-0.1100001335144043;0.12391938676822335;0.3221652464695527;11.025647232987737;24.36648878268423
2021-11-25;6.139999866485596;6.349999904632568;5.75;5.860000133514404;5.860000133514404;674000;;;-0.1399998664855957;0.0;-0.1399998664855957;0.15467635709474462;0.30809017212967743;13.3956459872377;23.552670809236446
2021-11-26;5.760000228881836;5.760000228881836;5.139999866485596;5.139999866485596;5.139999866485596;888800;;;-0.7200002670288086;0.0;-0.7200002670288086;0.0971428875047292;0.24806568923935585;8.854169188998213;19.87601224664236
2021-11-29;5.300000190734863;5.400000095367432;4.289999961853027;4.289999961853027;4.289999961853027;1591700;;;-0.8499999046325684;0.0;-0.8499999046325684;0.020689688435724333;0.19881878811443562;2.0270302198734527;16.584557239643217
2021-11-30;4.329999923706055;4.349999904632568;3.809999942779541;3.809999942779541;3.809999942779541;2837100;;;-0.48000001907348633;0.0;-0.48000001907348633;0.018672230162363048;0.17740096855266638;1.8329968766682612;15.067166860813657
2021-12-01;3.930000066757202;4.059999942779541;3.0;3.299999952316284;3.299999952316284;3816000;;;-0.5099999904632568;0.0;-0.5099999904632568;0.01821865503827463;0.1579336513220846;1.7892674572525635;13.639266044454445
2021-12-02;3.4000000953674316;4.480000019073486;3.359999895095825;4.0;4.0;4454800;;;0.7000000476837158;0.7000000476837158;0.0;0.14170041970841407;0.3201380787960328;12.411348656997404;24.250348046016455
2021-12-03;4.190000057220459;4.570000171661377;3.9200000762939453;4.269999980926514;4.269999980926514;4005500;;;0.26999998092651367;0.26999998092651367;0.0;0.23429951788194006;0.3875152931665736;18.982387539452205;27.928722304904483
2021-12-06;4.309999942779541;4.590000152587891;4.119999885559082;4.550000190734863;4.550000190734863;2134200;;;0.2800002098083496;0.2800002098083496;0.0;0.3132832670252824;0.46276284214058516;23.854965253223725;31.636218039513835
2021-12-07;4.610000133514404;4.739999771118164;4.25;4.5;4.5;1767600;;;-0.05000019073486328;0.0;-0.05000019073486328;0.33333337571885585;0.45616184862826453;25.000002384185564;31.326315069851518
2021-12-08;4.53000020980835;5.019999980926514;4.380000114440918;4.989999771118164;4.989999771118164;1140000;;;0.48999977111816406;0.48999977111816406;0.0;0.5014409208041508;0.6067045572323561;33.39731279840076;37.760803907685464
2021-12-09;4.869999885559082;5.239999771118164;4.650000095367432;5.199999809265137;5.199999809265137;1237500;;;0.21000003814697266;0.21000003814697266;0.0;0.5891238492252513;0.676185852433862;37.072242639393274;40.34074452138013
2021-12-10;5.25;6.21999979019165;5.0;6.0;6.0;1793800;;;0.8000001907348633;0.8000001907348633;0.0;0.9417808020645086;0.9612373361085418;48.50088130767406;49.011780390425095
2021-12-13;6.010000228881836;6.28000020980835;5.409999847412109;5.690000057220459;5.690000057220459;1300400;;;-0.309999942779541;0.0;-0.309999942779541;0.8675078755214466;0.8590498156479829;46.45270238976747;46.20907995133825
2021-12-14;5.739999771118164;5.980000019073486;5.480000019073486;5.789999961853027;5.789999961853027;1534400;;;0.09999990463256836;0.09999990463256836;0.0;0.9313725406170568;0.8959807151508058;48.22335002854971;47.25684749802636
2021-12-15;5.800000190734863;5.960000038146973;5.480000019073486;5.570000171661377;5.570000171661377;599000;;;-0.2199997901916504;0.0;-0.2199997901916504;0.9076433273361698;0.8238919617500589;47.579299250012404;45.17219106330832
2021-12-16;5.610000133514404;5.849999904632568;5.199999809265137;5.300000190734863;5.300000190734863;823600;;;-0.26999998092651367;0.0;-0.26999998092651367;1.0594796784486518;0.7447007819041896;51.444046257680384;42.68358159909881
2021-12-17;5.210000038146973;5.579999923706055;5.050000190734863;5.260000228881836;5.260000228881836;656800;;;-0.039999961853027344;0.0;-0.039999961853027344;1.5159576228702274;0.7334531918854643;60.25370256995065;42.31168140673546
2021-12-20;5.300000190734863;5.539999961853027;4.900000095367432;5.449999809265137;5.449999809265137;732700;;;0.18999958038330078;0.18999958038330078;0.0;2.1714285957570003;0.8107133185593002;68.46846871035083;44.7731460441428
2021-12-21;5.5;5.5;5.070000171661377;5.070000171661377;5.070000171661377;313000;;;-0.37999963760375977;0.0;-0.37999963760375977;2.3937015043279564;0.6950520460775406;70.53364891624355;41.004761339684855
2021-12-22;5.199999809265137;5.760000228881836;5.019999980926514;5.650000095367432;5.650000095367432;776800;;;0.5799999237060547;0.5799999237060547;0.0;2.299213180835494;0.9295559600237423;69.6897428208395;48.174604897818284
2021-12-23;5.78000020980835;5.78000020980835;5.369999885559082;5.5;5.5;579200;;;-0.15000009536743164;0.0;-0.15000009536743164;1.8661974408612623;0.8725662079422627;65.11056824823936;46.597348827581044
2021-12-27;5.599999904632568;5.71999979019165;5.420000076293945;5.510000228881836;5.510000228881836;345500;;;0.010000228881835938;0.010000228881835938;0.0;1.6760565555893223;0.876967947232329;62.63158198538971;46.72258514192831
2021-12-28;5.630000114440918;5.929999828338623;5.420000076293945;5.650000095367432;5.650000095367432;609500;;;0.1399998664855957;0.1399998664855957;0.0;1.8394164902890506;0.9433310496921622;64.78149635954955;48.541963544584576
2021-12-29;5.650000095367432;5.699999809265137;5.360000133514404;5.599999904632568;5.599999904632568;640600;;;-0.05000019073486328;0.0;-0.05000019073486328;1.4295776799850906;0.9198523771405919;58.84058335578154;47.91266183239622
2021-12-30;5.690000057220459;5.820000171661377;5.420000076293945;5.420000076293945;5.420000076293945;642900;;;-0.17999982833862305;0.0;-0.17999982833862305;1.1375002160669145;0.838904230928948;53.21637899807843;45.61978904715249
2022-01-03;5.599999904632568;5.599999904632568;5.130000114440918;5.230000019073486;5.230000019073486;640500;;;-0.19000005722045898;0.0;-0.19000005722045898;0.5698322891306936;0.7626154466374101;36.29892779478007;43.26612750910997
2022-01-04;5.230000019073486;5.289999961853027;5.059999942779541;5.150000095367432;5.150000095367432;307400;;;-0.07999992370605469;0.0;-0.07999992370605469;0.6538460597954001;0.7324141519326274;39.53488028240599;42.27708201965268
2022-01-05;5.199999809265137;5.199999809265137;4.840000152587891;4.909999847412109;4.909999847412109;258800;;;-0.24000024795532227;0.0;-0.24000024795532227;0.5111109698260047;0.6493344025924632;33.82352322442978;39.369481505498456
2022-01-06;4.900000095367432;5.039999961853027;4.809999942779541;4.809999942779541;4.809999942779541;181900;;;-0.09999990463256836;0.0;-0.09999990463256836;0.5476188651558307;0.6178845671715063;35.38460776650527;38.19089320146822
2022-01-07;4.800000190734863;5.010000228881836;4.599999904632568;4.789999961853027;4.789999961853027;171700;;;-0.019999980926513672;0.0;-0.019999980926513672;0.6433564404868808;0.6115053860983584;39.14892865824484;37.946220432988056
2022-01-10;4.849999904632568;5.329999923706055;4.679999828338623;5.0;5.0;580900;;;0.21000003814697266;0.21000003814697266;0.0;0.8129494576577139;0.7282487107875253;44.84126428477629;42.13795770492305
2022-01-11;5.0;5.150000095367432;4.849999904632568;4.900000095367432;4.900000095367432;271000;;;-0.09999990463256836;0.0;-0.09999990463256836;0.6308726185340552;0.6871124537539536;38.683132659442684;40.72712830879033
2022-01-12;4.929999828338623;5.179999828338623;4.849999904632568;4.909999847412109;4.909999847412109;309300;;;0.009999752044677734;0.009999752044677734;0.0;0.8558555810775573;0.6931954756161605;46.11649687636931;40.94007370081732
2022-01-13;4.989999771118164;5.099999904632568;4.860000133514404;4.989999771118164;4.989999771118164;174700;;;0.07999992370605469;0.07999992370605469;0.0;0.40540518480874316;0.7456042981077557;28.846142677630255;42.71324829550401
2022-01-14;5.050000190734863;5.059999942779541;4.869999885559082;4.949999809265137;4.949999809265137;170100;;;-0.039999961853027344;0.0;-0.039999961853027344;0.4499998092651367;0.7251407287132997;31.034473686806734;42.033714504795654
2022-01-17;5.0;5.0;4.630000114440918;4.760000228881836;4.760000228881836;240300;;;-0.18999958038330078;0.0;-0.18999958038330078;0.3697476769206727;0.635868199398044;26.993853185566394;38.870380855378606
2022-01-18;4.760000228881836;4.849999904632568;4.619999885559082;4.710000038146973;4.710000038146973;239700;;;-0.05000019073486328;0.0;-0.05000019073486328;0.24193529780024212;0.6144307941830132;19.480507416832907;38.05866416800774
2022-01-19;4.730000019073486;4.920000076293945;4.570000171661377;4.570000171661377;4.570000171661377;251600;;;-0.1399998664855957;0.0;-0.1399998664855957;0.22556378846921227;0.5577322968288654;18.404899899249813;35.80411717496402
2022-01-20;4.619999885559082;5.070000171661377;4.539999961853027;4.800000190734863;4.800000190734863;465500;;;0.23000001907348633;0.23000001907348633;0.0;0.46086948589473753;0.7209936942430586;31.54761533077469;41.894034629811465
2022-01-21;4.860000133514404;5.449999809265137;4.800000190734863;4.800000190734863;4.800000190734863;840400;;;0.0;0.0;0.0;0.55208330746325;0.7209936942430587;35.570468724748025;41.894034629811465
2022-01-24;4.949999809265137;4.96999979019165;4.480000019073486;4.599999904632568;4.599999904632568;476800;;;-0.20000028610229492;0.0;-0.20000028610229492;0.49074052815900226;0.6190659246813928;32.91924509257454;38.23599244751046
2022-01-25;4.619999885559082;4.829999923706055;4.460000038146973;4.75;4.75;520400;;;0.15000009536743164;0.15000009536743164;0.0;0.8095239176501909;0.7332502936233025;44.73684540746062;42.30492827960046
2022-01-26;4.840000152587891;5.079999923706055;4.610000133514404;4.679999828338623;4.679999828338623;652700;;;-0.07000017166137695;0.0;-0.07000017166137695;0.8395060202167195;0.6934562582920726;45.63757938219816;40.94916859508699
2022-01-27;4.800000190734863;4.900000095367432;4.619999885559082;4.769999980926514;4.769999980926514;318400;;;0.09000015258789062;0.09000015258789062;0.0;0.9746835672249887;0.7686003016165986;49.35897494679139;43.45811209655768
2022-01-28;4.769999980926514;4.829999923706055;4.539999961853027;4.699999809265137;4.699999809265137;255700;;;-0.07000017166137695;0.0;-0.07000017166137695;0.6511626230697108;0.7230882506419544;39.436613569844546;41.96466724049453
2022-01-31;4.820000171661377;5.0;4.71999979019165;4.989999771118164;4.989999771118164;693200;;;0.28999996185302734;0.28999996185302734;0.0;1.1184205903242241;0.9872739929598815;52.79502075426155;49.67981246961411
2022-02-01;4.989999771118164;5.119999885559082;4.800000190734863;4.800000190734863;4.800000190734863;486900;;;-0.18999958038330078;0.0;-0.18999958038330078;0.8842108644607672;0.8321586094747597;46.92738382621603;45.41957258347418
2022-02-02;4.849999904632568;4.909999847412109;4.699999809265137;4.699999809265137;4.699999809265137;1345400;;;-0.10000038146972656;0.0;-0.10000038146972656;0.7238096103105798;0.7641117983372758;41.98895318724732;43.31425021120953
2022-02-03;4.71999979019165;4.739999771118164;4.46999979019165;4.570000171661377;4.570000171661377;405700;;;-0.12999963760375977;0.0;-0.12999963760375977;0.6666669455188386;0.6856222648600407;40.00001003867651;40.67472761561849
2022-02-04;4.53000020980835;4.550000190734863;4.170000076293945;4.389999866485596;4.389999866485596;658500;;;-0.18000030517578125;0.0;-0.18000030517578125;0.6725662223081185;0.5945549330692202;40.21163487207019;37.28657575470373
2022-02-07;4.380000114440918;4.409999847412109;4.099999904632568;4.110000133514404;4.110000133514404;468100;;;-0.2799997329711914;0.0;-0.2799997329711914;0.5588236428461987;0.4863400908554525;35.849061271989896;32.72064676500402
2022-02-08;4.099999904632568;4.199999809265137;4.0;4.079999923706055;4.079999923706055;426400;;;-0.03000020980834961;0.0;-0.03000020980834961;0.6079999511718936;0.47633640654832393;37.81094338521525;32.26476055426954
2022-02-09;4.130000114440918;4.25;4.010000228881836;4.099999904632568;4.099999904632568;345700;;;0.019999980926513672;0.019999980926513672;0.0;0.43999998474121677;0.49110400514866437;30.555554819696013;32.93559694380278
2022-02-10;4.150000095367432;4.260000228881836;4.010000228881836;4.119999885559082;4.119999885559082;679800;;;0.019999980926513672;0.019999980926513672;0.0;0.45599996337892024;0.5070075728721081;31.318679591219706;33.64333278736186
2022-02-11;4.159999847412109;4.159999847412109;3.950000047683716;4.050000190734863;4.050000190734863;609600;;;-0.06999969482421875;0.0;-0.06999969482421875;0.5089287766996905;0.47833429580097153;33.72781966640022;32.35630108559491
2022-02-14;4.050000190734863;4.070000171661377;3.9100000858306885;3.9100000858306885;3.9100000858306885;1269700;;;-0.1400001049041748;0.0;-0.1400001049041748;0.33333339640703197;0.4263954446320951;25.000003547895375;29.89321413193896
2022-02-15;3.930000066757202;4.010000228881836;3.819999933242798;3.9000000953674316;3.9000000953674316;698700;;;-0.009999990463256836;0.0;-0.009999990463256836;0.3500001192093085;0.4228634754781114;25.925932466902495;29.719188296404937
2022-02-16;3.9100000858306885;3.940000057220459;3.799999952316284;3.8299999237060547;3.8299999237060547;421900;;;-0.07000017166137695;0.0;-0.07000017166137695;0.2598424635135089;0.3980102475717237;20.624996460974003;28.46976610243368
2022-02-17;3.819999933242798;3.9100000858306885;3.700000047683716;3.75;3.75;428800;;;-0.07999992370605469;0.0;-0.07999992370605469;0.25781249417923274;0.37116169208881034;20.496894042022106;27.069141023287145
2022-02-18;3.75;3.8499999046325684;3.6500000953674316;3.7899999618530273;3.7899999618530273;445800;;;0.039999961853027344;0.039999961853027344;0.0;0.06249995343386156;0.4074846626128151;5.882348816286509;28.951268417829283
2022-02-21;3.8399999141693115;3.890000104904175;3.569999933242798;3.619999885559082;3.619999885559082;467300;;;-0.1700000762939453;0.0;-0.1700000762939453;0.0634919914078501;0.3493980492209977;5.9701428803238485;25.892882342812328
2022-02-22;3.619999885559082;3.740000009536743;3.5999999046325684;3.630000114440918;3.630000114440918;278100;;;0.010000228881835938;0.010000228881835938;0.0;0.07758634864364475;0.3584285180305397;7.20001220703125;26.385526604682312
2022-02-23;3.7300000190734863;3.740000009536743;3.509999990463257;3.5899999141693115;3.5899999141693115;750600;;;-0.040000200271606445;0.0;-0.040000200271606445;0.08411225990199886;0.34500778905867097;7.758630080394283;25.650988184992684
2022-02-24;3.4100000858306885;3.7300000190734863;3.380000114440918;3.5799999237060547;3.5799999237060547;509600;;;-0.009999990463256836;0.0;-0.009999990463256836;0.10000015894570255;0.34156454005589754;9.090922226915666;25.460164595708974
2022-02-25;3.5899999141693115;3.6700000762939453;3.4100000858306885;3.509999990463257;3.509999990463257;299300;;;-0.06999993324279785;0.0;-0.06999993324279785;0.1304349478640987;0.3176648936466988;11.538474470428312;24.108170080144305
2022-03-02;3.5299999713897705;3.630000114440918;3.430000066757202;3.490000009536743;3.490000009536743;282400;;;-0.019999980926513672;0.0;-0.019999980926513672;0.13235315257700658;0.310969846850534;11.688328175339777;23.720594916626496
2022-03-03;3.5299999713897705;3.759999990463257;3.5299999713897705;3.6500000953674316;3.6500000953674316;353900;;;0.16000008583068848;0.16000008583068848;0.0;0.33823563957705954;0.4925463769334912;25.27474456471333;33.00040685807376
2022-03-04;3.640000104904175;3.700000047683716;3.4800000190734863;3.5399999618530273;3.5399999618530273;203800;;;-0.1100001335144043;0.0;-0.1100001335144043;0.2658230675047329;0.4341771008685104;21.00001764296644;30.27360432721879
2022-03-07;3.509999990463257;3.5999999046325684;3.380000114440918;3.450000047683716;3.450000047683716;304800;11.687999978065491;0.2951745426213402;-0.08999991416931152;0.0;-0.08999991416931152;0.25925946639006203;0.3931279082101766;20.588248356256955;28.21908210246454
2022-03-08;3.450000047683716;3.700000047683716;3.3499999046325684;3.5799999237060547;3.5799999237060547;592500;11.614149975776673;0.3082446783598254;0.12999987602233887;0.12999987602233887;0.0;0.5074626759448222;0.540197616776128;33.663365869192305;35.07326663099539
2022-03-09;3.690000057220459;3.880000114440918;3.640000104904175;3.819999933242798;3.819999933242798;376600;11.546049972772598;0.33084907325457263;0.24000000953674316;0.24000000953674316;0.0;0.8787876926944971;0.8325968544567064;46.77418827638625;45.43262488047536
2022-03-10;3.809999942779541;4.019999980926514;3.6700000762939453;3.9800000190734863;3.9800000190734863;401300;11.475949972867966;0.3468122489626748;0.16000008583068848;0.16000008583068848;0.0;1.2542373840235348;1.0425246165508515;55.63909963132969;51.04098173912492
2022-03-11;3.9700000286102295;4.070000171661377;3.5999999046325684;3.5999999046325684;3.5999999046325684;476200;11.400199972391128;0.31578392601454414;-0.38000011444091797;0.0;-0.38000011444091797;0.831460632017942;0.6783160457147414;45.39877174983669;40.41646669867046
2022-03-14;3.6600000858306885;3.690000057220459;3.440000057220459;3.5899999141693115;3.5899999141693115;352600;11.321199975013734;0.3171041870201534;-0.009999990463256836;0.0;-0.009999990463256836;0.7777778072121593;0.6716661043318359;43.75000093132221;40.17944149201377
2022-03-15;3.619999885559082;3.7699999809265137;3.5199999809265137;3.7200000286102295;3.7200000286102295;197200;11.242299975156785;0.33089314791730157;0.13000011444091797;0.13000011444091797;0.0;1.1369864490112656;0.8089168013953504;53.205131438120404;44.718297755395575
2022-03-16;3.7200000286102295;3.990000009536743;3.7200000286102295;3.7300000190734863;3.7300000190734863;261500;11.162199975252152;0.3341635186023646;0.009999990463256836;0.009999990463256836;0.0;1.1369861224105873;0.8202866607732462;53.205124286349196;45.06359786347023
2022-03-17;3.7100000381469727;3.940000057220459;3.6500000953674316;3.940000057220459;3.940000057220459;238100;11.081899975538255;0.35553470667642356;0.21000003814697266;0.21000003814697266;0.0;1.5072465420670544;1.077420695558248;60.115609565241726;51.86338510355129
2022-03-18;3.890000104904175;4.099999904632568;3.880000114440918;4.03000020980835;4.03000020980835;371300;11.002049976587296;0.3662953920755055;0.09000015258789062;0.09000015258789062;0.0;1.6617650616539867;1.1960981220319704;62.43094424800163;54.4646939966992
2022-03-21;3.9600000381469727;4.150000095367432;3.8499999046325684;4.0;4.0;266000;10.922049976587296;0.3662316148135627;-0.03000020980834961;0.0;-0.03000020980834961;1.765624604188118;1.1472236648841327;63.84180273470044;53.42823310146587
2022-03-22;4.110000133514404;4.150000095367432;3.990000009536743;4.050000190734863;4.050000190734863;164700;10.84359997868538;0.3734922164867487;0.05000019073486328;0.05000019073486328;0.0;1.9032255707622086;1.2205647262446486;65.55555275928968;54.96641065306079
2022-03-23;4.099999904632568;4.130000114440918;3.9000000953674316;4.050000190734863;4.050000190734863;269900;10.76734998345375;0.37613713652463443;0.0;0.0;0.0;1.6451610670378816;1.2205647262446486;62.195118760014665;54.96641065306079
2022-03-24;4.110000133514404;4.329999923706055;4.070000171661377;4.210000038146973;4.210000038146973;396300;10.692399979829789;0.39373761233107096;0.15999984741210938;0.15999984741210938;0.0;2.3137250502081255;1.492749899874107;69.82248120020722;59.883661010256034
2022-03-25;4.179999828338623;4.369999885559082;4.099999904632568;4.099999904632568;4.099999904632568;283000;10.616399983167648;0.3861949353013392;-0.1100001335144043;0.0;-0.1100001335144043;2.2264137872399385;1.2423823377212793;69.00583539672206;55.404572040279035
2022-03-28;4.050000190734863;4.190000057220459;3.9600000381469727;4.0;4.0;288900;10.54294998049736;0.379400453136865;-0.09999990463256836;0.0;-0.09999990463256836;1.6666664143720153;1.067152328741566;62.499996452106124;51.62427141454173
2022-03-29;4.139999866485596;4.210000038146973;4.0;4.099999904632568;4.099999904632568;388800;10.468449980020523;0.3916530061716482;0.09999990463256836;0.09999990463256836;0.0;1.4444441501006846;1.2190453770489116;59.090904164907556;54.93557678708261
2022-03-30;4.050000190734863;4.53000020980835;4.019999980926514;4.199999809265137;4.199999809265137;835600;10.397399979829789;0.4039471230704633;0.09999990463256836;0.09999990463256836;0.0;1.3492058205889845;1.3826225059952837;57.43242285389522;58.02944035474583
2022-03-31;4.159999847412109;4.269999980926514;4.070000171661377;4.070000171661377;4.070000171661377;420900;10.321999982595443;0.3943034468634038;-0.12999963760375977;0.0;-0.12999963760375977;2.236843211499308;1.1249910500168956;69.10570161547;52.940978269435575
2022-04-01;4.119999885559082;4.320000171661377;4.099999904632568;4.300000190734863;4.300000190734863;313400;10.24664997935295;0.4196493682715214;0.23000001907348633;0.23000001907348633;0.0;2.918920259914994;1.4800215628020532;74.48276735230915;59.677769943655264
2022-04-04;4.260000228881836;4.340000152587891;4.199999809265137;4.340000152587891;4.340000152587891;226900;10.16834998011589;0.42681459244368253;0.039999961853027344;0.039999961853027344;0.0;2.6756765290368145;1.5465155029577093;72.79412396329546;60.73065336384064
2022-04-05;4.289999961853027;4.389999866485596;4.110000133514404;4.130000114440918;4.130000114440918;228800;10.089749978780747;0.4093263086921397;-0.21000003814697266;0.0;-0.21000003814697266;1.6896554275585607;1.123964496042519;62.82051634741501;52.91823371514675
2022-04-06;4.110000133514404;4.110000133514404;3.7899999618530273;4.090000152587891;4.090000152587891;442500;10.011949981451034;0.4085118443625231;-0.039999961853027344;0.0;-0.039999961853027344;1.2419356823464085;1.064313289175294;55.395687401995374;51.557740521086004
2022-04-07;4.039999961853027;4.190000057220459;3.930000066757202;4.119999885559082;4.119999885559082;219300;9.938049982786179;0.4145682395133236;0.029999732971191406;0.029999732971191406;0.0;1.145160794133979;1.1071789118899615;53.38344786392997;52.54318490198421
2022-04-08;4.119999885559082;4.230000019073486;3.9600000381469727;3.9600000381469727;3.9600000381469727;255800;9.855899986028671;0.4017897953267089;-0.15999984741210938;0.0;-0.15999984741210938;0.9466666836208875;0.8884407856862866;48.63013743369999;47.04626125533581
2022-04-11;3.9600000381469727;4.110000133514404;3.9200000762939453;4.050000190734863;4.050000190734863;189100;9.766949986219407;0.4146637585376372;0.09000015258789062;0.09000015258789062;0.0;1.0;1.0081189840746272;50.0;50.202153959476874
2022-04-12;4.119999885559082;4.230000019073486;3.9800000190734863;4.019999980926514;4.019999980926514;199000;9.668299986124039;0.415791813110477;-0.03000020980834961;0.0;-0.03000020980834961;0.9615381793862003;0.9665925888184728;49.019600509997844;49.15062704467939
2022-04-13;4.170000076293945;4.260000228881836;3.940000057220459;4.260000228881836;4.260000228881836;268100;9.560599991083144;0.44557875372413835;0.24000024795532227;0.24000024795532227;0.0;1.0641028305796998;1.321475038249604;51.552801285624334;56.92393915404743
2022-04-14;4.199999809265137;4.400000095367432;4.150000095367432;4.28000020980835;4.28000020980835;205600;9.446749995946885;0.45306589161824734;0.019999980926513672;0.019999980926513672;0.0;1.2686573325144066;1.3533233999214822;55.92106460204475;57.50690278975832
2022-04-18;4.300000190734863;4.300000190734863;4.139999866485596;4.199999809265137;4.199999809265137;120400;9.337499998807907;0.4497991764178141;-0.08000040054321289;0.0;-0.08000040054321289;1.30769196910976;1.1900552457652287;56.66666030883789;54.3390514036741
2022-04-19;4.199999809265137;4.260000228881836;4.159999847412109;4.260000228881836;4.260000228881836;216700;9.225299996137618;0.461773625862073;0.06000041961669922;0.06000041961669922;0.0;1.2461543088833282;1.2874973606451428;55.4794612264574;56.28410256534809
2022-04-20;4.199999809265137;4.230000019073486;4.019999980926514;4.099999904632568;4.099999904632568;176600;9.113049999475479;0.4499042477401696;-0.16000032424926758;0.0;-0.16000032424926758;0.8765433915702299;1.0059890536607046;46.71053147546816;50.149279320586906
2022-04-22;4.050000190734863;4.110000133514404;3.890000104904175;4.099999904632568;4.099999904632568;213100;9.013399995565415;0.4548782819634949;0.0;0.0;0.0;1.0441172036337756;1.0059890536607046;51.079126078371374;50.149279320586906
2022-04-25;3.950000047683716;4.079999923706055;3.869999885559082;4.0;4.0;116600;8.908849996328353;0.44899173312476237;-0.09999990463256836;0.0;-0.09999990463256836;0.6153847094352541;0.8683647477332487;38.09524169944604;46.47726033081992
2022-04-26;4.0;4.010000228881836;3.8399999141693115;3.9100000858306885;3.9100000858306885;159700;8.80904999256134;0.44386172051837885;-0.08999991416931152;0.0;-0.08999991416931152;0.5057473910311377;0.7667032748108328;33.587797929691334;43.397399311037475
2022-04-27;3.9800000190734863;4.150000095367432;3.819999933242798;3.950000047683716;3.950000047683716;382900;8.71664999127388;0.4531557480956569;0.039999961853027344;0.039999961853027344;0.0;0.7272728586327138;0.8227378880229663;42.105267560819165;45.13747661850325
2022-04-28;4.0;4.019999980926514;3.890000104904175;3.940000057220459;3.940000057220459;155000;8.629299992322922;0.4565839709739712;-0.009999990463256836;0.0;-0.009999990463256836;0.7619048339889207;0.8105103329809973;43.243245565311376;44.766954278935025
2022-04-29;3.950000047683716;3.9800000190734863;3.7100000381469727;3.7100000381469727;3.7100000381469727;357100;8.543099988698959;0.43426859606637636;-0.23000001907348633;0.0;-0.23000001907348633;0.523256329731552;0.592425727834472;34.35116726701979;37.202722706578434
2022-05-02;3.7300000190734863;4.0;3.7300000190734863;3.9800000190734863;3.9800000190734863;279700;8.461399990320206;0.4703713361413695;0.26999998092651367;0.26999998092651367;0.0;1.0285713701832686;0.932588669209556;50.704223933237486;48.25593174935627
2022-05-03;3.9600000381469727;4.0;3.809999942779541;3.8399999141693115;3.8399999141693115;186300;8.377499985694886;0.4583706261684698;-0.1400001049041748;0.0;-0.1400001049041748;0.7499999290421628;0.7837217477033946;42.85714054015216;43.93744420689294
2022-05-04;3.8399999141693115;3.869999885559082;3.7300000190734863;3.809999942779541;3.809999942779541;263100;8.292299983501435;0.45946238683598173;-0.029999971389770508;0.0;-0.029999971389770508;0.7500001419157145;0.7558774279525937;42.857147491125;43.04841647369257
2022-05-05;3.8399999141693115;3.9800000190734863;3.7799999713897705;3.799999952316284;3.799999952316284;260100;8.211349984407425;0.4627740821584908;-0.009999990463256836;0.0;-0.009999990463256836;0.4588235987098479;0.7463585522397983;31.45161615946037;42.73799050501705
2022-05-06;3.799999952316284;3.809999942779541;3.6600000858306885;3.75;3.75;219200;8.128949986696243;0.4613141926247808;-0.04999995231628418;0.0;-0.04999995231628418;0.41111125239610524;0.6989624311169873;29.133865363062426;41.140546625121814
2022-05-09;3.609999895095825;3.680000066757202;3.450000047683716;3.5299999713897705;3.5299999713897705;377200;8.051549985408784;0.4384248967946449;-0.2200000286102295;0.0;-0.2200000286102295;0.3557695107170277;0.5372883098893081;26.24114998196643;34.950393262796325
2022-05-10;3.5;3.5899999141693115;3.440000057220459;3.4800000190734863;3.4800000190734863;655500;7.969899988174438;0.436642871834908;-0.04999995231628418;0.0;-0.04999995231628418;0.28440357741559547;0.5085004391285807;22.142851547319452;33.70900173037586
2022-05-11;3.4800000190734863;3.569999933242798;3.4200000762939453;3.430000066757202;3.430000066757202;432700;7.893499993085861;0.43453475261438346;-0.04999995231628418;0.0;-0.04999995231628418;0.3163265430247102;0.4807598894197703;24.031008468297074;32.46710644006936
2022-05-12;3.4200000762939453;3.430000066757202;3.299999952316284;3.380000114440918;3.380000114440918;543000;7.802999995946884;0.4331667456358571;-0.04999995231628418;0.0;-0.04999995231628418;0.30097089625965134;0.4540825086825022;23.13432968600266;31.228111607912254
2022-05-13;3.4200000762939453;3.75;3.4000000953674316;3.680000066757202;3.680000066757202;385400;7.7171499943733215;0.4768599896905386;0.2999999523162842;0.2999999523162842;0.0;0.6559139867644337;0.812633757390054;39.61038991198173;44.831657475039854
2022-05-16;3.680000066757202;4.340000152587891;3.6600000858306885;4.269999980926514;4.269999980926514;613400;7.637499990463257;0.5590834679225334;0.5899999141693115;0.5899999141693115;0.0;1.4285713474766655;1.572026925138134;58.82352803680155;61.12015818239175
2022-05-17;4.21999979019165;4.420000076293945;4.099999904632568;4.239999771118164;4.239999771118164;344700;7.558649988174438;0.5609467005022952;-0.03000020980834961;0.0;-0.03000020980834961;1.3333329679409271;1.5092659772166102;57.14285043156699;60.14770817124597
2022-05-18;4.230000019073486;4.389999866485596;3.869999885559082;3.869999885559082;3.869999885559082;225200;7.481499991416931;0.5172759326336827;-0.36999988555908203;0.0;-0.36999988555908203;0.9430892922147225;0.9862786799204593;48.53556118050522;49.65459730756184
2022-05-19;3.8499999046325684;3.9200000762939453;3.7300000190734863;3.799999952316284;3.799999952316284;213100;7.40104999423027;0.5134406544042667;-0.06999993324279785;0.0;-0.06999993324279785;1.0841120745648583;0.9212390002934918;52.01793549376226;47.95025502567675
2022-05-20;3.8399999141693115;3.880000114440918;3.5999999046325684;3.880000114440918;3.880000114440918;394000;7.327199996709823;0.5295338077551013;0.08000016212463379;0.08000016212463379;0.0;0.9065421393723798;1.0024017351857906;47.549021899448135;50.059971361979656
2022-05-23;3.799999952316284;3.880000114440918;3.6700000762939453;3.700000047683716;3.700000047683716;225500;7.254949998855591;0.5099966296483588;-0.18000006675720215;0.0;-0.18000006675720215;0.8738739822371698;0.8376640267825384;46.6346184706548;45.58308888753494
2022-05-24;3.640000104904175;3.7300000190734863;3.5899999141693115;3.630000114440918;3.630000114440918;175100;7.186399998664856;0.5051207997210463;-0.06999993324279785;0.0;-0.06999993324279785;0.8434783906702445;0.7837225076567309;45.754720800582646;43.93746809229335
2022-05-25;3.6600000858306885;3.8399999141693115;3.5999999046325684;3.809999942779541;3.809999942779541;248500;7.118900001049042;0.5351950360614841;0.17999982833862305;0.17999982833862305;0.0;1.0087719224863463;0.9620475994909722;50.21834042949707;49.032836906737785
2022-05-26;3.799999952316284;3.890000104904175;3.7100000381469727;3.7699999809265137;3.7699999809265137;173000;7.054950003623962;0.5343765694994228;-0.039999961853027344;0.0;-0.039999961853027344;1.0176991001069087;0.9226715836217302;50.43859612431733;47.98903731045407
2022-05-27;3.759999990463257;3.869999885559082;3.7300000190734863;3.7799999713897705;3.7799999713897705;186700;6.99640000462532;0.540277852737238;0.009999990463256836;0.009999990463256836;0.0;1.2747253207909421;0.933691033228307;56.03864823326049;48.285430153208345
2022-05-30;3.7799999713897705;3.8499999046325684;3.6500000953674316;3.700000047683716;3.700000047683716;130000;6.940900003910064;0.5330720865592891;-0.07999992370605469;0.0;-0.07999992370605469;1.2340426287428872;0.852735094955842;55.238096751864234;46.02574309071238
2022-05-31;3.690000057220459;3.7899999618530273;3.6600000858306885;3.6700000762939453;3.6700000762939453;161600;6.887250006198883;0.532868717266072;-0.029999971389770508;0.0;-0.029999971389770508;1.2608696215544948;0.8238862308177319;55.76923187138783;45.172018785861766
2022-06-01;3.740000009536743;3.809999942779541;3.6700000762939453;3.75;3.75;136400;6.83155000448227;0.548923743153395;0.07999992370605469;0.07999992370605469;0.0;1.4252872807233894;0.9210418663474523;58.76777122660164;47.94491377216381
2022-06-02;3.7300000190734863;3.9000000953674316;3.7200000286102295;3.7699999809265137;3.7699999809265137;93900;6.778400006294251;0.5561784458612338;0.019999980926513672;0.019999980926513672;0.0;1.1034481908138132;0.9471991528362232;52.459014471228535;48.644184723301954
2022-06-03;3.809999942779541;3.809999942779541;3.6700000762939453;3.75;3.75;76700;6.7313000059127805;0.5570989254239146;-0.019999980926513672;0.0;-0.019999980926513672;0.4157302708596196;0.9212481583685477;29.365076061218332;47.95050313286115
2022-06-06;3.759999990463257;3.8499999046325684;3.609999895095825;3.680000066757202;3.680000066757202;189800;6.689750007390976;0.5500953044121919;-0.06999993324279785;0.0;-0.06999993324279785;0.39784951474106833;0.8350176246648123;28.46154114198511;45.50461060652419
2022-06-07;3.6600000858306885;3.6600000858306885;3.5;3.549999952316284;3.549999952316284;168700;6.650450007915497;0.5337984569602063;-0.13000011444091797;0.0;-0.13000011444091797;0.5362318590192562;0.7033480273685743;34.90565931639975;41.29209157890915
2022-06-08;3.5399999618530273;3.690000057220459;3.4600000381469727;3.690000057220459;3.690000057220459;160300;6.608900008201599;0.5583380067244466;0.1400001049041748;0.1400001049041748;0.0;0.8225807816131557;0.8862250636693525;45.13274747060014;46.9840572442263
2022-06-09;3.690000057220459;3.700000047683716;3.549999952316284;3.559999942779541;3.559999942779541;125800;6.558050010204315;0.5428442810347873;-0.13000011444091797;0.0;-0.13000011444091797;0.5733331044514974;0.7492114721342414;36.440668719760744;42.831383401580155
2022-06-10;3.5899999141693115;3.5899999141693115;3.3499999046325684;3.3499999046325684;3.3499999046325684;200100;6.493300013542175;0.5159163903786885;-0.21000003814697266;0.0;-0.21000003814697266;0.5512818514242607;0.5904160149927141;35.53718177764529;37.1233695729239
2022-06-13;3.369999885559082;3.369999885559082;3.140000104904175;3.259999990463257;3.259999990463257;373800;6.4281000173091885;0.5071482991373705;-0.08999991416931152;0.0;-0.08999991416931152;0.5374998174607645;0.5378061900553112;34.95934187156291;34.9722997301739
2022-06-14;3.3499999046325684;3.3499999046325684;3.069999933242798;3.0799999237060547;3.0799999237060547;304300;6.357100013494492;0.48449763526891276;-0.18000006675720215;0.0;-0.18000006675720215;0.2551020358513416;0.4512093453927281;20.32520293685164;31.09195422598532
2022-06-15;3.0799999237060547;3.1600000858306885;3.0299999713897705;3.0299999713897705;3.0299999713897705;307800;6.281800012588501;0.4823458189241554;-0.04999995231628418;0.0;-0.04999995231628418;0.25252525009265814;0.4304742946838292;20.161290167521727;30.093116407867697
2022-06-17;3.0;3.0;2.809999942779541;2.8499999046325684;2.8499999046325684;434300;6.211400010585785;0.4588337411494113;-0.18000006675720215;0.0;-0.18000006675720215;0.2051281999031654;0.36537788546172495;17.021276235976202;26.760202384423877
2022-06-20;2.9200000762939453;2.950000047683716;2.799999952316284;2.799999952316284;2.799999952316284;170200;6.141150008440018;0.45594065418824437;-0.04999995231628418;0.0;-0.04999995231628418;0.21052630478215342;0.34956471313959625;17.391303596664912;25.902034169697345
2022-06-21;2.880000114440918;2.9000000953674316;2.690000057220459;2.7899999618530273;2.7899999618530273;327500;6.067900005578995;0.4597966280406441;-0.009999990463256836;0.0;-0.009999990463256836;0.21428569908044945;0.3463362975597938;17.64705779230728;25.72435268866485
2022-06-22;2.7799999713897705;2.9200000762939453;2.6700000762939453;2.8499999046325684;2.8499999046325684;401400;5.996900008916855;0.4752455269213882;0.059999942779541016;0.059999942779541016;0.0;0.19642857522988763;0.4060120332808453;16.417910713319827;28.876853374678475
2022-06-23;2.8499999046325684;2.9000000953674316;2.7300000190734863;2.7300000190734863;2.7300000190734863;391000;5.926250005960465;0.4606623102852099;-0.11999988555908203;0.0;-0.11999988555908203;0.16129035979478312;0.35976995421697217;13.88889164836307;26.45814853470172
2022-06-24;2.7300000190734863;2.75;2.569999933242798;2.569999933242798;2.569999933242798;3699900;5.856650006771088;0.4388174007788628;-0.16000008583068848;0.0;-0.16000008583068848;0.14492755876671953;0.3092030583384066;12.658229567190347;23.617654753330328
2022-06-27;2.609999895095825;2.680000066757202;2.5299999713897705;2.5999999046325684;2.5999999046325684;355400;5.78925000667572;0.4491082440099231;0.029999971389770508;0.029999971389770508;0.0;0.17557250935883792;0.3375839941879992;14.93506423135021;25.23833984668265
2022-06-28;2.630000114440918;2.6600000858306885;2.509999990463257;2.559999942779541;2.559999942779541;207400;5.72110000371933;0.44746638602983096;-0.039999961853027344;0.0;-0.039999961853027344;0.1885246013768477;0.3243654180149608;15.862069759300837;24.4921389219857
2022-06-29;2.5799999237060547;2.5799999237060547;2.4600000381469727;2.509999990463257;2.509999990463257;240800;5.656150003671646;0.44376474966786766;-0.04999995231628418;0.0;-0.04999995231628418;0.07086607521336585;0.30812403161507085;6.617641258198049;23.554649572078162
2022-06-30;2.490000009536743;2.6600000858306885;2.4000000953674316;2.609999895095825;2.609999895095825;453900;5.589350001811981;0.46695946653004433;0.09999990463256836;0.09999990463256836;0.0;0.1666665272405807;0.415969830481702;14.285704042163886;29.377026369283044
2022-07-01;2.609999895095825;3.0199999809265137;2.569999933242798;2.809999942779541;2.809999942779541;610800;5.525900001525879;0.5085144396394451;0.20000004768371582;0.20000004768371582;0.0;0.4193547725511972;0.6482533664825483;29.54545126145132;39.32971590805557
2022-07-04;2.819999933242798;2.9600000381469727;2.75;2.8499999046325684;2.8499999046325684;314500;5.46315000295639;0.5216770367078127;0.039999961853027344;0.039999961853027344;0.0;0.5119046098520811;0.6982836069035181;33.85826106464242;41.11701979957866
2022-07-05;2.75;2.940000057220459;2.740000009536743;2.9000000953674316;2.9000000953674316;291600;5.404450001716614;0.53659486061418;0.05000019073486328;0.05000019073486328;0.0;0.7272729243129208;0.7656323286127137;42.10526976228828;43.36306694238452
