Date;Open;High;Low;Close;Adj Close;Volume;MM200;Mayer
2020-12-15;66.38999938964844;67.41999816894531;65.80000305175781;66.58999633789062;64.90155029296875;3280200;;
2020-12-16;66.80000305175781;67.48999786376953;66.19999694824219;67.25;65.54481506347656;2828500;;
2020-12-17;67.08000183105469;70.88999938964844;67.05000305175781;69.80000305175781;68.03015899658203;3834800;;
2020-12-18;69.79000091552734;71.4800033569336;68.30999755859375;68.30999755859375;66.57794189453125;9732100;;
2020-12-21;67.01000213623047;67.44000244140625;65.80000305175781;66.18000030517578;64.50194549560547;2000100;;
2020-12-22;66.69999694824219;67.30999755859375;66.06999969482422;67.30000305175781;65.59355163574219;1742500;;
2020-12-23;67.48999786376953;68.22000122070312;67.0;68.13999938964844;66.41224670410156;858400;;
2020-12-28;68.5;68.66999816894531;67.4000015258789;68.0;66.27579498291016;1376300;;
2020-12-29;68.0;68.19999694824219;67.5;68.0;66.27579498291016;967300;;
2020-12-30;68.01000213623047;68.30000305175781;66.69999694824219;68.30000305175781;66.56818389892578;1304100;;
2021-01-04;68.55000305175781;68.55000305175781;65.69999694824219;66.0;64.32650756835938;1352400;;
2021-01-05;66.0;66.48999786376953;63.54999923706055;65.0999984741211;63.575565338134766;1235000;;
2021-01-06;65.11000061035156;65.22000122070312;62.369998931884766;62.400001525878906;60.938785552978516;1223200;;
2021-01-07;62.40999984741211;63.380001068115234;60.5;60.95000076293945;59.522743225097656;1919300;;
2021-01-08;61.599998474121094;63.060001373291016;61.0099983215332;62.22999954223633;60.772769927978516;2329200;;
2021-01-11;62.189998626708984;62.95000076293945;59.619998931884766;61.2400016784668;59.80595397949219;3473200;;
2021-01-12;61.5;65.0;60.060001373291016;64.16999816894531;62.667335510253906;2693000;;
2021-01-13;64.0;66.3499984741211;63.029998779296875;66.3499984741211;64.7962875366211;2330400;;
2021-01-14;66.22000122070312;67.45999908447266;66.05000305175781;67.0999984741211;65.52873229980469;1952800;;
2021-01-15;67.0999984741211;68.0;65.5999984741211;67.4000015258789;65.82170867919922;1457800;;
2021-01-18;67.30000305175781;68.37999725341797;65.51000213623047;67.25;65.67520904541016;3530900;;
2021-01-19;67.73999786376953;68.93000030517578;67.01000213623047;67.9000015258789;66.30998992919922;2200500;;
2021-01-20;68.30999755859375;69.0;67.69999694824219;68.0;66.40765380859375;2117800;;
2021-01-21;67.98999786376953;68.69999694824219;66.87999725341797;67.91999816894531;66.32952117919922;1762200;;
2021-01-22;67.30000305175781;67.97000122070312;65.9000015258789;67.30000305175781;65.72404479980469;1625500;;
2021-01-26;67.30000305175781;67.97000122070312;65.5199966430664;66.38999938964844;64.83535766601562;1400300;;
2021-01-27;66.66000366210938;66.66000366210938;63.099998474121094;63.88999938964844;62.393890380859375;2670200;;
2021-01-28;64.0;65.19000244140625;63.599998474121094;65.01000213623047;63.48766326904297;1761100;;
2021-01-29;64.63999938964844;66.87999725341797;63.599998474121094;65.69999694824219;64.16150665283203;2213800;;
2021-02-01;67.0;68.0;66.12000274658203;67.80000305175781;66.21233367919922;1903500;;
2021-02-02;68.02999877929688;69.73999786376953;67.69999694824219;68.55000305175781;66.94477081298828;2228800;;
2021-02-03;68.63999938964844;71.0;68.36000061035156;71.0;69.33740234375;3827400;;
2021-02-04;71.1500015258789;73.48999786376953;70.52999877929688;73.4000015258789;71.68120574951172;4122900;;
2021-02-05;73.5;74.9000015258789;72.23999786376953;74.9000015258789;73.14608001708984;2778900;;
2021-02-08;74.9000015258789;74.94999694824219;73.36000061035156;73.5;71.77886199951172;2136600;;
2021-02-09;72.98999786376953;74.55999755859375;71.6500015258789;74.25;72.51129913330078;2657900;;
2021-02-10;74.25;74.25;71.75;72.5999984741211;70.89993286132812;1811700;;
2021-02-11;72.5999984741211;73.68000030517578;71.05999755859375;72.36000061035156;70.6655502319336;7585400;;
2021-02-12;71.88999938964844;73.95999908447266;71.51000213623047;73.80000305175781;72.07183837890625;1294500;;
2021-02-17;74.0;75.0;72.63999938964844;73.68000030517578;71.95465087890625;1187000;;
2021-02-18;74.05000305175781;74.13999938964844;71.58000183105469;72.0;70.3139877319336;1149400;;
2021-02-19;71.33000183105469;73.27999877929688;71.31999969482422;73.0199966430664;71.31008911132812;684600;;
2021-02-22;71.48999786376953;71.9800033569336;67.80000305175781;70.95999908447266;69.29833984375;1775300;;
2021-02-23;71.5;72.94999694824219;69.38999938964844;72.5;70.80227661132812;1704900;;
2021-02-24;72.9000015258789;72.9800033569336;70.79000091552734;72.7300033569336;71.02690124511719;1060000;;
2021-02-25;73.5;73.88999938964844;70.08999633789062;70.83999633789062;69.18114471435547;1650600;;
2021-02-26;71.69999694824219;71.98999786376953;69.0999984741211;69.0999984741211;67.48188781738281;1782800;;
2021-03-01;69.80000305175781;72.44000244140625;69.5199966430664;70.22000122070312;68.57566833496094;1422300;;
2021-03-02;69.87000274658203;70.7699966430664;68.5199966430664;69.2300033569336;67.60885620117188;2087500;;
2021-03-03;69.55000305175781;70.19000244140625;67.0;68.05000305175781;66.45648193359375;2879700;;
2021-03-04;68.16999816894531;68.9000015258789;66.02999877929688;67.91999816894531;66.32952117919922;2505200;;
2021-03-05;67.88999938964844;67.9000015258789;64.58999633789062;66.4800033569336;64.92325592041016;2791800;;
2021-03-08;65.94000244140625;65.94000244140625;62.0099983215332;62.15999984741211;60.704402923583984;3240500;;
2021-03-09;63.0;63.720001220703125;60.40999984741211;60.900001525878906;59.473915100097656;2313500;;
2021-03-10;61.5;62.61000061035156;59.77000045776367;60.0;58.59498977661133;1902000;;
2021-03-11;62.0;63.56999969482422;60.52000045776367;63.0;61.52473831176758;4635300;;
2021-03-12;62.84000015258789;64.41999816894531;62.02000045776367;62.5;61.03644561767578;1232800;;
2021-03-15;62.81999969482422;64.69999694824219;62.63999938964844;63.97999954223633;62.481788635253906;731600;;
2021-03-16;64.0;65.25;63.97999954223633;65.16999816894531;63.6439208984375;764500;;
2021-03-17;64.36000061035156;65.19000244140625;62.900001525878906;63.68000030517578;62.188812255859375;2109700;;
2021-03-18;63.68000030517578;64.87000274658203;61.4900016784668;62.52000045776367;61.05597686767578;1288900;;
2021-03-19;62.40999984741211;63.900001525878906;62.25;63.7599983215332;62.26694107055664;1995300;;
2021-03-22;63.75;64.6500015258789;61.790000915527344;63.13999938964844;61.661460876464844;847100;;
2021-03-23;62.790000915527344;62.79999923706055;61.77000045776367;62.150001525878906;60.69464111328125;1701700;;
2021-03-24;62.54999923706055;62.54999923706055;60.529998779296875;60.599998474121094;59.180938720703125;1475200;;
2021-03-25;61.150001525878906;62.58000183105469;60.04999923706055;62.5;61.03644561767578;3063800;;
2021-03-26;62.16999816894531;62.790000915527344;61.02000045776367;61.79999923706055;60.35283660888672;1168000;;
2021-03-29;61.5;61.91999816894531;60.29999923706055;61.34000015258789;59.90361022949219;1163400;;
2021-03-30;61.0;63.279998779296875;60.65999984741211;62.9900016784668;61.514976501464844;2168700;;
2021-03-31;63.38999938964844;64.91000366210938;62.459999084472656;64.91000366210938;63.390010833740234;2248100;;
2021-04-01;63.90999984741211;66.5;63.90999984741211;64.33000183105469;62.89620590209961;1824900;;
2021-04-05;64.31999969482422;65.5;62.709999084472656;64.7699966430664;63.32639694213867;1701000;;
2021-04-06;65.94999694824219;67.30999755859375;65.45999908447266;66.55999755859375;65.07649993896484;2079400;;
2021-04-07;67.5;68.38999938964844;66.75;67.55999755859375;66.05421447753906;1546600;;
2021-04-08;67.98999786376953;68.0;66.19999694824219;66.19999694824219;64.72453308105469;1090700;;
2021-04-09;66.0;66.5199966430664;65.0;65.93000030517578;64.46055603027344;1141000;;
2021-04-12;66.69999694824219;69.2300033569336;66.69999694824219;69.0;67.46212005615234;2208700;;
2021-04-13;68.80000305175781;71.0;68.16000366210938;69.62999725341797;68.07807159423828;2528800;;
2021-04-14;69.62999725341797;70.94999694824219;69.2699966430664;69.5;67.95097351074219;2225800;;
2021-04-15;69.51000213623047;70.0999984741211;68.80000305175781;69.30000305175781;67.75543975830078;1513600;;
2021-04-16;69.69999694824219;70.0;68.8499984741211;70.0;68.43982696533203;728100;;
2021-04-19;69.63999938964844;69.88999938964844;68.9000015258789;69.58000183105469;68.02919006347656;950600;;
2021-04-20;69.4800033569336;69.87000274658203;68.18000030517578;68.83000183105469;67.29590606689453;1982100;;
2021-04-22;68.51000213623047;70.0;66.75;67.5;65.99554443359375;1727800;;
2021-04-23;67.9000015258789;69.41000366210938;67.30999755859375;69.3499984741211;67.80431365966797;1036100;;
2021-04-26;68.98999786376953;70.31999969482422;68.12999725341797;69.41999816894531;67.87275695800781;1269900;;
2021-04-27;69.62999725341797;69.6500015258789;67.81999969482422;68.63999938964844;67.11014556884766;1717600;;
2021-04-28;68.63999938964844;70.19999694824219;68.01000213623047;69.2699966430664;67.72610473632812;1512900;;
2021-04-29;69.2699966430664;69.9800033569336;68.87999725341797;69.5;67.95097351074219;1290700;;
2021-04-30;69.5;71.9000015258789;68.97000122070312;71.9000015258789;70.2974853515625;2719200;;
2021-05-03;71.62999725341797;71.66000366210938;69.05000305175781;69.5999984741211;68.04874420166016;1668900;;
2021-05-04;69.58999633789062;69.58999633789062;68.33999633789062;68.75;67.21769714355469;1209700;;
2021-05-05;69.0;69.93000030517578;68.01000213623047;69.5999984741211;68.04874420166016;1334400;;
2021-05-06;69.80000305175781;71.58999633789062;69.19999694824219;70.9000015258789;69.31977081298828;2401000;;
2021-05-07;71.19999694824219;72.5;70.06999969482422;71.58999633789062;69.994384765625;2008900;;
2021-05-10;72.0;73.3499984741211;71.66999816894531;72.4000015258789;70.78633117675781;1436000;;
2021-05-11;71.41000366210938;72.9000015258789;70.80999755859375;71.63999938964844;70.04328155517578;970700;;
2021-05-12;74.0;74.9800033569336;72.20999908447266;72.20999908447266;70.60057067871094;7994500;;
2021-05-13;72.20999908447266;73.47000122070312;70.73999786376953;72.9800033569336;71.3534164428711;1317900;;
2021-05-14;73.19000244140625;73.81999969482422;72.33999633789062;73.69999694824219;72.05735778808594;1210400;;
2021-05-17;74.19999694824219;76.0;74.19999694824219;76.0;74.30609893798828;3151900;;
2021-05-18;75.80999755859375;76.41000366210938;70.0999984741211;71.9000015258789;70.2974853515625;5818800;;
2021-05-19;70.47000122070312;72.37999725341797;69.0;72.08000183105469;70.47347259521484;3483600;;
2021-05-20;72.08000183105469;74.44000244140625;72.08000183105469;73.72000122070312;72.07691955566406;2074900;;
2021-05-21;74.19999694824219;74.9800033569336;73.36000061035156;74.4000015258789;72.74176025390625;1710900;;
2021-05-24;74.80000305175781;75.66000366210938;72.44000244140625;73.1500015258789;71.5196304321289;2201700;;
2021-05-25;73.13999938964844;74.69999694824219;72.68000030517578;73.88999938964844;72.24313354492188;1544600;;
2021-05-26;74.9000015258789;74.9000015258789;72.5;73.5;71.86182403564453;2795000;;
2021-05-27;72.0;72.0;70.19999694824219;71.0;69.41754150390625;27879800;;
2021-05-28;71.81999969482422;71.81999969482422;69.8499984741211;71.0;69.41754150390625;3681500;;
2021-05-31;71.0;71.38999938964844;70.11000061035156;70.22000122070312;68.6549301147461;1346200;;
2021-06-01;70.97000122070312;70.97000122070312;68.0199966430664;68.56999969482422;67.04169464111328;4030800;;
2021-06-02;68.83999633789062;69.80999755859375;68.27999877929688;69.2699966430664;67.72610473632812;3011400;;
2021-06-04;69.30000305175781;69.97000122070312;68.75;69.0;67.46212005615234;2006300;;
2021-06-07;68.94999694824219;69.27999877929688;66.7699966430664;68.5;66.9732666015625;3491800;;
2021-06-08;68.51000213623047;69.0;67.41000366210938;69.0;67.46212005615234;1637000;;
2021-06-09;68.98999786376953;69.76000213623047;68.55000305175781;68.94000244140625;67.40345764160156;1350700;;
2021-06-10;69.0;70.06999969482422;68.1500015258789;70.06999969482422;68.50827026367188;1227600;;
2021-06-11;69.91000366210938;69.91000366210938;68.97000122070312;69.70999908447266;68.15628814697266;984600;;
2021-06-14;69.73999786376953;70.05000305175781;68.68000030517578;69.44999694824219;67.90208435058594;1573800;;
2021-06-15;69.61000061035156;69.75;67.81999969482422;68.2300033569336;66.70928955078125;1452700;;
2021-06-16;68.55000305175781;68.7300033569336;67.58000183105469;68.31999969482422;66.79727172851562;1788000;;
2021-06-17;68.4000015258789;68.86000061035156;67.94999694824219;68.51000213623047;66.98303985595703;1547200;;
2021-06-18;68.48999786376953;68.62000274658203;66.94000244140625;66.94000244140625;65.44803619384766;4105500;;
2021-06-21;67.08000183105469;67.58000183105469;66.5;66.9000015258789;65.40892791748047;1918000;;
2021-06-22;67.0;69.80000305175781;66.6500015258789;69.75;68.19540405273438;1713900;;
2021-06-23;69.36000061035156;69.68000030517578;68.33000183105469;68.80000305175781;67.26657104492188;1114000;;
2021-06-24;69.36000061035156;69.52999877929688;67.72000122070312;68.19000244140625;66.67017364501953;1644800;;
2021-06-25;68.45999908447266;69.80999755859375;67.4000015258789;68.66999816894531;67.21758270263672;2028100;;
2021-06-28;68.80000305175781;69.58000183105469;67.98999786376953;69.44000244140625;67.97129821777344;1034400;;
2021-06-29;69.30999755859375;69.58999633789062;68.02999877929688;69.44999694824219;67.9810791015625;1569800;;
2021-06-30;69.30000305175781;69.5;67.7300033569336;69.02999877929688;67.5699691772461;1981700;;
2021-07-01;69.41999816894531;70.5;68.26000213623047;69.31999969482422;67.85382843017578;2142900;;
2021-07-02;69.75;71.4000015258789;68.8499984741211;71.4000015258789;69.88983917236328;1556000;;
2021-07-05;71.0999984741211;71.70999908447266;70.5;70.72000122070312;69.22422790527344;1142200;;
2021-07-06;70.5999984741211;70.61000061035156;69.55000305175781;69.86000061035156;68.38241577148438;1893600;;
2021-07-07;70.08000183105469;70.94000244140625;69.45999908447266;70.93000030517578;69.4297866821289;1246600;;
2021-07-08;69.9000015258789;70.62999725341797;69.5999984741211;70.5999984741211;69.10676574707031;1150000;;
2021-07-12;70.5999984741211;71.0999984741211;69.69000244140625;69.94999694824219;68.47051239013672;1434600;;
2021-07-13;69.94999694824219;70.37999725341797;69.02999877929688;69.80000305175781;68.32368469238281;1308100;;
2021-07-14;69.80999755859375;70.62000274658203;68.76000213623047;69.98999786376953;68.5096664428711;2300200;;
2021-07-15;69.98999786376953;70.0;68.37000274658203;68.86000061035156;67.403564453125;1788500;;
2021-07-16;69.37000274658203;69.9800033569336;68.29000091552734;68.55000305175781;67.1001205444336;1395600;;
2021-07-19;68.37000274658203;68.37000274658203;66.7300033569336;66.8499984741211;65.43608093261719;1419200;;
2021-07-20;67.19999694824219;67.5;65.48999786376953;66.68000030517578;65.2696762084961;2157200;;
2021-07-21;66.83999633789062;67.81999969482422;65.83999633789062;66.2699966430664;64.86834716796875;1811700;;
2021-07-22;66.5;69.91999816894531;66.08999633789062;69.91999816894531;68.44114685058594;3301200;;
2021-07-23;69.44999694824219;69.44999694824219;68.58000183105469;69.19999694824219;67.73637390136719;1145300;;
2021-07-26;69.05999755859375;69.2300033569336;66.69999694824219;67.12999725341797;65.71015930175781;1679100;;
2021-07-27;67.23999786376953;67.36000061035156;65.70999908447266;67.36000061035156;65.93529510498047;1468200;;
2021-07-28;67.38999938964844;67.7300033569336;66.41999816894531;67.72000122070312;66.28768157958984;1537600;;
2021-07-29;68.0;69.6500015258789;67.4000015258789;69.41000366210938;67.94194030761719;1755000;;
2021-07-30;68.69999694824219;69.79000091552734;67.7300033569336;69.0;67.54060363769531;2459200;;
2021-08-02;69.30999755859375;70.47000122070312;69.0999984741211;70.25;68.76416778564453;1566600;;
2021-08-03;70.4000015258789;71.69000244140625;69.27999877929688;71.69000244140625;70.17371368408203;1746700;;
2021-08-04;73.0;73.0;69.20999908447266;70.4800033569336;68.98930358886719;3771900;;
2021-08-05;71.0;71.08999633789062;69.5;70.33000183105469;68.84247589111328;2028200;;
2021-08-06;70.5;70.55000305175781;68.79000091552734;69.88999938964844;68.41178131103516;1777700;;
2021-08-09;69.69999694824219;70.80000305175781;69.05000305175781;69.72000122070312;68.24537658691406;2702100;;
2021-08-10;69.73999786376953;70.68000030517578;69.56999969482422;69.94000244140625;68.46072387695312;1799500;;
2021-08-11;70.12999725341797;70.12999725341797;68.44000244140625;69.93000030517578;68.45093536376953;2474500;;
2021-08-12;69.95999908447266;73.58000183105469;69.91999816894531;73.5;71.94542694091797;7066200;;
2021-08-13;73.0;73.97000122070312;72.2300033569336;73.0;71.45600891113281;3207300;;
2021-08-16;72.88999938964844;73.91000366210938;71.44999694824219;73.0;71.45600891113281;4768900;;
2021-08-17;73.5;73.86000061035156;70.77999877929688;72.37999725341797;70.84911346435547;4195600;;
2021-08-18;72.16999816894531;74.13999938964844;70.41000366210938;73.37999725341797;71.82797241210938;2696200;;
2021-08-19;72.19999694824219;73.80000305175781;72.05999755859375;73.45999908447266;71.9062728881836;2710600;;
2021-08-20;73.0;75.76000213623047;72.7699966430664;75.69999694824219;74.09889221191406;2082900;;
2021-08-23;75.48999786376953;76.93000030517578;75.45999908447266;75.83999633789062;74.23593139648438;3164300;;
2021-08-24;75.4800033569336;77.30000305175781;75.36000061035156;76.25;74.63726806640625;2259200;;
2021-08-25;75.48999786376953;76.97000122070312;75.12000274658203;76.23999786376953;74.62747192382812;3077300;;
2021-08-26;75.56999969482422;76.5;73.80000305175781;74.54000091552734;72.96343231201172;4241000;;
2021-08-27;74.76000213623047;76.2699966430664;73.81999969482422;75.76000213623047;74.15763092041016;4195700;;
2021-08-30;76.02999877929688;76.02999877929688;73.04000091552734;73.30000305175781;71.7496566772461;5559700;;
2021-08-31;70.0;70.38999938964844;68.81999969482422;68.81999969482422;67.36441802978516;65798400;;
2021-09-01;68.9800033569336;69.33000183105469;67.2300033569336;68.0;66.56175994873047;4332800;;
2021-09-02;68.44000244140625;70.0;68.0;68.9800033569336;67.52103424072266;5704400;;
2021-09-03;69.62000274658203;69.8499984741211;68.11000061035156;68.5;67.05117797851562;18240700;;
2021-09-06;68.69999694824219;71.31999969482422;68.69999694824219;71.31999969482422;69.81153869628906;5922600;;
2021-09-08;71.19999694824219;71.25;69.05999755859375;70.0;68.51945495605469;5430300;;
2021-09-09;69.86000061035156;70.94999694824219;68.70999908447266;70.80999755859375;69.31231689453125;4354800;;
2021-09-10;70.01000213623047;70.22000122070312;68.0;68.0;67.59256744384766;3037300;;
2021-09-13;69.19999694824219;70.94999694824219;68.19000244140625;70.5;70.07759094238281;4136100;;
2021-09-14;70.26000213623047;71.33999633789062;69.97000122070312;70.30000305175781;69.87879180908203;3269200;;
2021-09-15;70.6500015258789;70.6500015258789;68.94999694824219;69.66000366210938;69.24262237548828;2439500;;
2021-09-16;69.66000366210938;71.19000244140625;68.79000091552734;69.93000030517578;69.51100158691406;2647700;;
2021-09-17;69.83999633789062;70.0999984741211;68.23999786376953;69.04000091552734;68.62633514404297;15349000;;
2021-09-20;68.75;68.83999633789062;65.5999984741211;67.69999694824219;67.29435729980469;4069300;;
2021-09-21;67.58000183105469;70.25;67.4000015258789;69.31999969482422;68.90465545654297;2224000;;
2021-09-22;69.0999984741211;69.30000305175781;67.80999755859375;68.83999633789062;68.42752075195312;3691400;;
2021-09-23;69.0;69.55000305175781;67.76000213623047;69.55000305175781;69.1332778930664;2349800;;
2021-09-24;68.54000091552734;69.38999938964844;68.23999786376953;69.05000305175781;68.63627624511719;2122600;;
2021-09-27;69.37999725341797;69.37999725341797;66.81999969482422;67.7699966430664;67.36393737792969;2863800;;
2021-09-28;66.97000122070312;67.38999938964844;65.8499984741211;66.69000244140625;66.29041290283203;2250800;;
2021-09-29;66.62000274658203;67.66999816894531;66.16000366210938;66.87999725341797;66.4792709350586;1810700;;
2021-09-30;67.5;68.25;66.56999969482422;67.91000366210938;67.50311279296875;3106500;;
2021-10-01;67.91000366210938;68.83000183105469;67.33999633789062;68.61000061035156;68.19890594482422;1653400;;
2021-10-04;67.44999694824219;67.88999938964844;66.41000366210938;67.0999984741211;66.69795989990234;3291600;;
2021-10-05;67.0999984741211;67.44999694824219;66.12000274658203;66.41999816894531;66.02203369140625;1952900;;
2021-10-06;66.0;67.30000305175781;65.0;67.02999877929688;66.62837982177734;2788300;67.44193168640136;0.9879370023325109
2021-10-07;66.27999877929688;67.02999877929688;65.51000213623047;65.51000213623047;65.11748504638672;1714000;67.44301136016846;0.9655186465301402
2021-10-08;65.98999786376953;67.69000244140625;65.58000183105469;66.4800033569336;66.08168029785156;2018200;67.44569568634033;0.9797760943139768
2021-10-11;65.93000030517578;66.5;64.72000122070312;64.72000122070312;64.33221435546875;1805100;67.42720596313477;0.954098771208788
2021-10-13;64.80999755859375;66.48999786376953;64.72000122070312;66.05000305175781;65.65425109863281;3435300;67.42258750915528;0.9737723443158817
2021-10-14;66.08999633789062;66.25;64.98999786376953;65.7699966430664;65.37592315673828;1852800;67.42695739746094;0.9695813911840564
2021-10-15;65.9000015258789;66.91000366210938;65.0999984741211;65.69000244140625;65.2964096069336;2231500;67.4254716873169;0.968423475177797
2021-10-18;65.0199966430664;66.01000213623047;64.66000366210938;65.3499984741211;64.95844268798828;1658600;67.41820266723633;0.9635148983222088
2021-10-19;65.33999633789062;65.33999633789062;62.84000015258789;63.59000015258789;63.208988189697266;2344100;67.40286863327026;0.9377789027587042
2021-10-20;63.599998474121094;64.26000213623047;63.220001220703125;63.40999984741211;63.030067443847656;1686200;67.38663999557495;0.9353496100708779
2021-10-21;62.869998931884766;62.880001068115234;60.02000045776367;61.25;60.88300704956055;4561100;67.35821411132812;0.9038690804500027
2021-10-22;60.060001373291016;61.43000030517578;58.0;60.880001068115234;60.51522445678711;4653800;67.33915769577027;0.8986632225218376
2021-10-25;60.959999084472656;63.25;60.34000015258789;63.0;62.622520446777344;2997400;67.33439247131348;0.9300228033312465
2021-10-26;62.5099983215332;62.810001373291016;59.70000076293945;60.349998474121094;59.988399505615234;3441600;67.32964054107666;0.890965687972407
2021-10-27;60.599998474121094;61.810001373291016;60.15999984741211;60.61000061035156;60.24684524536133;1512000;67.33326105117798;0.8947560879246516
2021-10-28;60.33000183105469;61.220001220703125;58.95000076293945;59.5;59.14349365234375;2455900;67.3251146697998;0.8784759438200244
2021-10-29;59.810001373291016;60.5;58.869998931884766;59.0;58.646488189697266;2846900;67.31931734085083;0.871168789379706
2021-11-01;58.470001220703125;59.52000045776367;58.25;58.9900016784668;58.63655090332031;3149800;67.29916341781616;0.8712820178652831
2021-11-03;58.54999923706055;62.70000076293945;58.40999984741211;62.29999923706055;61.92671585083008;2969900;67.28481555938721;0.9203668812344749
2021-11-04;61.619998931884766;61.70000076293945;57.20000076293945;57.209999084472656;56.86721420288086;5696600;67.24150796890258;0.8457159263766131
2021-11-05;57.34000015258789;59.29999923706055;57.33000183105469;57.61000061035156;57.26481628417969;1766600;67.1987235069275;0.8521711915893205
2021-11-08;57.2400016784668;58.720001220703125;56.52000045776367;58.0;57.65248489379883;1339600;67.15860988616943;0.858452624190956
2021-11-09;58.119998931884766;59.61000061035156;57.70000076293945;57.93000030517578;57.58290100097656;1565900;67.11497444152832;0.8579739690006698
2021-11-10;58.02000045776367;58.959999084472656;57.540000915527344;57.540000915527344;57.19524002075195;1714700;67.06891237258911;0.8527831747593315
2021-11-11;58.18000030517578;59.209999084472656;56.939998626708984;57.9900016784668;57.64254379272461;2072700;67.02547748565674;0.8600094464833906
2021-11-12;57.86000061035156;58.90999984741211;56.630001068115234;56.849998474121094;56.509368896484375;1528400;66.97940410614014;0.8436827656295026
2021-11-16;57.119998931884766;57.380001068115234;54.209999084472656;54.70000076293945;54.372257232666016;2285300;66.92708860397339;0.8124103164624734
2021-11-17;55.5;55.939998626708984;54.2400016784668;54.52000045776367;54.19333267211914;1961800;66.88608581542968;0.8102332796340357
2021-11-18;54.52000045776367;56.56999969482422;54.52000045776367;54.75;54.42195510864258;1867100;66.84075727462769;0.8142031498093274
2021-11-19;54.439998626708984;57.09000015258789;54.439998626708984;55.70000076293945;55.36626052856445;2137400;66.79678104400635;0.8288761773129253
2021-11-22;55.7599983215332;56.20000076293945;54.02000045776367;54.02000045776367;53.69633102416992;1668000;66.7342010307312;0.8046298628711038
2021-11-23;54.27000045776367;54.27000045776367;52.16999816894531;53.83000183105469;53.507469177246094;1772700;66.66701452255249;0.8026078497807231
2021-11-24;53.349998474121094;53.709999084472656;51.970001220703125;52.150001525878906;51.83753204345703;2471600;66.57951517105103;0.778580797866731
2021-11-25;52.2400016784668;52.56999969482422;51.349998474121094;52.0;51.68843078613281;2014400;66.47955129623413;0.7775087192723096
2021-11-26;51.25;52.97999954223633;50.790000915527344;50.790000915527344;50.485679626464844;2165100;66.366249294281;0.7607131661547033
2021-11-29;51.20000076293945;52.720001220703125;50.869998931884766;51.25;50.942928314208984;1772600;66.2620696258545;0.768809797246837
2021-11-30;51.25;51.63999938964844;48.75;50.16999816894531;49.8693962097168;4396900;66.14886011123657;0.7538965316387302
2021-12-01;50.529998779296875;50.9900016784668;47.560001373291016;48.0099983215332;47.72233963012695;3166800;66.03297214508056;0.7227047046326576
2021-12-02;49.279998779296875;49.279998779296875;47.22999954223633;48.63999938964844;48.34856414794922;2593100;65.92138721466064;0.7334275899035799
2021-12-03;48.25;50.4900016784668;48.25;49.31999969482422;49.02449035644531;2232300;65.80615047454835;0.744983409649625
2021-12-06;50.11000061035156;50.119998931884766;47.25;47.72999954223633;47.44401550292969;3554400;65.68359729766846;0.7223114667109407
2021-12-07;48.029998779296875;49.20000076293945;47.5;49.20000076293945;48.905208587646484;2463200;65.57655340194702;0.7457727808273993
2021-12-08;49.619998931884766;49.84000015258789;48.75;49.560001373291016;49.2630500793457;1535600;65.46631820678711;0.7524945869682105
2021-12-09;48.900001525878906;49.27000045776367;47.849998474121094;48.72999954223633;48.43802261352539;1765800;65.36201662063598;0.7410729521192989
2021-12-10;48.79999923706055;50.220001220703125;48.790000915527344;50.220001220703125;49.919097900390625;1599800;65.2576007270813;0.7649545393058661
2021-12-13;50.27000045776367;51.290000915527344;48.95000076293945;48.95000076293945;48.656707763671875;2594600;65.14574975967408;0.7468899804387684
2021-12-14;49.349998474121094;49.90999984741211;47.150001525878906;47.33000183105469;47.046417236328125;1795600;65.03507612228394;0.7234006637874589
2021-12-15;47.40999984741211;47.77000045776367;46.31999969482422;46.91999816894531;46.63886642456055;2990800;64.93086101531982;0.7182850449735535
2021-12-16;47.209999084472656;48.04999923706055;45.619998931884766;45.970001220703125;45.69456481933594;3112700;64.8164554977417;0.7049840116747513
2021-12-17;45.900001525878906;47.08000183105469;44.29999923706055;45.970001220703125;45.69456481933594;6512600;64.70688404083252;0.706177796948172
2021-12-20;45.58000183105469;46.099998474121094;44.970001220703125;45.20000076293945;45.0216178894043;2089600;64.59970972061157;0.6969322011525917
2021-12-21;45.20000076293945;45.689998626708984;44.7599983215332;45.31999969482422;45.141143798828125;1125000;64.49376783370971;0.6999303237363917
2021-12-22;44.959999084472656;45.470001220703125;42.650001525878906;42.75;42.58128356933594;3442100;64.38205797195434;0.6613843190269701
2021-12-23;42.75;43.119998931884766;42.29999923706055;42.65999984741211;42.491641998291016;1986200;64.29099416732788;0.6609268148459414
2021-12-27;43.08000183105469;44.939998626708984;43.0;44.720001220703125;44.54351043701172;2746500;64.21634214401246;0.6936475817497955
2021-12-28;44.79999923706055;45.900001525878906;44.56999969482422;45.84000015258789;45.65909194946289;2749500;64.1516626548767;0.7117366886513886
2021-12-29;46.0;46.22999954223633;44.220001220703125;44.349998474121094;44.17496871948242;1940100;64.06491380691529;0.6895345064011323
2021-12-30;45.2599983215332;45.79999923706055;44.5;44.83000183105469;44.653079986572266;9262800;63.982996978759765;0.6978897847094535
2022-01-03;44.7599983215332;45.439998626708984;43.2400016784668;43.97999954223633;43.80643081665039;3004000;63.88962018966675;0.6856580253037013
2022-01-04;43.97999954223633;44.099998474121094;42.5;42.900001525878906;42.73069381713867;1911600;63.78505405426026;0.6699170275969164
2022-01-05;42.900001525878906;42.939998626708984;40.0;40.0;39.842140197753906;3681800;63.67332069396973;0.6257273810053888
2022-01-06;40.060001373291016;41.08000183105469;39.15999984741211;40.43000030517578;40.270442962646484;9113400;63.56939302444458;0.6334879262912128
2022-01-07;40.79999923706055;41.619998931884766;40.099998474121094;41.15999984741211;40.99755859375;13981900;63.463046112060546;0.6460067882868107
2022-01-10;41.0;41.310001373291016;39.040000915527344;39.470001220703125;39.314231872558594;2610800;63.35130996704102;0.6205748846079443
2022-01-11;39.29999923706055;41.08000183105469;39.25;40.810001373291016;40.64894485473633;3010000;63.251081485748294;0.642660076316566
2022-01-12;40.83000183105469;41.5;40.22999954223633;41.20000076293945;41.03740310668945;3070600;63.16036380767822;0.6497334820877116
2022-01-13;41.20000076293945;43.45000076293945;39.2400016784668;41.400001525878906;41.23661422729492;7629800;63.06136465072632;0.6539124938968471
2022-01-14;41.540000915527344;41.61000061035156;39.5099983215332;41.0;40.838191986083984;3829700;62.96379142761231;0.6485980443702235
2022-01-17;40.47999954223633;40.709999084472656;39.33000183105469;39.59000015258789;39.43375778198242;2031800;62.861442165374754;0.6273123304782096
2022-01-18;39.45000076293945;39.470001220703125;37.65999984741211;38.900001525878906;38.746482849121094;3365500;62.74759969711304;0.617497450677843
2022-01-19;39.38999938964844;40.83000183105469;38.91999816894531;40.13999938964844;39.98158645629883;2960800;62.63055757522583;0.6383718747558135
2022-01-20;40.38999938964844;42.599998474121094;40.18000030517578;41.25;41.08720397949219;3335500;62.521512565612795;0.6571690653896687
2022-01-21;41.040000915527344;42.15999984741211;40.45000076293945;41.79999923706055;41.635032653808594;3041700;62.413055744171146;0.6670885146926483
2022-01-24;42.2599983215332;42.279998779296875;40.13999938964844;40.61000061035156;40.449729919433594;2660400;62.28992189407349;0.6493784016653606
2022-01-25;39.959999084472656;42.72999954223633;39.83000183105469;42.2599983215332;42.09321594238281;3328800;62.170116901397705;0.6770650923681386
2022-01-26;43.0;44.56999969482422;42.689998626708984;43.84000015258789;43.66698455810547;4780600;62.064829158782956;0.7035705269789829
2022-01-27;44.31999969482422;44.459999084472656;42.7599983215332;44.0099983215332;43.83631134033203;3125000;61.96170793533325;0.7074742256311283
2022-01-28;42.84000015258789;44.849998474121094;42.810001373291016;43.9900016784668;43.8163948059082;2128800;61.84347930908203;0.7085046846559544
2022-01-31;43.79999923706055;44.9900016784668;43.689998626708984;44.31999969482422;44.14508819580078;2357100;61.72381439208984;0.7152035017696209
2022-02-01;44.70000076293945;45.650001525878906;43.54999923706055;45.189998626708984;45.011653900146484;3647700;61.60911779403686;0.7306005265425689
2022-02-02;45.2599983215332;47.27000045776367;45.2599983215332;45.59000015258789;45.41007614135742;3037400;61.49739097595215;0.7384065473462852
2022-02-03;45.58000183105469;46.849998474121094;45.349998474121094;46.130001068115234;45.94794845581055;3435000;61.384931583404544;0.7485216203813869
2022-02-04;45.75;46.11000061035156;44.400001525878906;45.720001220703125;45.53956604003906;3919700;61.27248346328735;0.7432302963095174
2022-02-07;45.81999969482422;47.5;45.34000015258789;45.88999938964844;45.708892822265625;3617000;61.16454839706421;0.7473102315010237
2022-02-08;45.900001525878906;46.4900016784668;45.0;45.84000015258789;45.65909194946289;3004900;61.062866134643556;0.7477390898878647
2022-02-09;46.959999084472656;47.599998474121094;46.29999923706055;47.5;47.312538146972656;3501800;60.96040725708008;0.7761191283950564
2022-02-10;47.61000061035156;48.11000061035156;46.709999084472656;47.58000183105469;47.39222717285156;3630200;60.858004608154296;0.7787344898669506
2022-02-11;47.97999954223633;48.560001373291016;47.150001525878906;47.61000061035156;47.42210388183594;3517600;60.75956439971924;0.7804878845058848
2022-02-14;47.75;48.25;47.25;47.75;47.561553955078125;2418400;60.65874164581299;0.7840840852385387
2022-02-15;48.52000045776367;50.209999084472656;47.95000076293945;50.040000915527344;49.84251403808594;4603400;60.56819934844971;0.8229155658292109
2022-02-16;49.77000045776367;50.869998931884766;49.29999923706055;50.540000915527344;50.34054183959961;2698700;60.468414630889896;0.8325097019144185
2022-02-17;50.400001525878906;50.58000183105469;49.56999969482422;50.15999984741211;49.962039947509766;2647900;60.37798110961914;0.8274877534709428
2022-02-18;50.29999923706055;50.369998931884766;49.689998626708984;50.029998779296875;49.83255386352539;3172600;60.291055393219;0.8265331157087377
2022-02-21;50.369998931884766;50.369998931884766;48.59000015258789;49.02000045776367;48.826541900634766;1640000;60.19494438171387;0.8111402444532765
2022-02-22;49.70000076293945;51.400001525878906;48.9900016784668;51.0;50.79872512817383;3276800;60.1023391532898;0.84520379479096
2022-02-23;51.130001068115234;55.5;50.09000015258789;55.5;55.280967712402344;4984700;60.028772068023684;0.9209078548160006
2022-02-24;55.0;55.77000045776367;49.560001373291016;51.25;51.0477409362793;15454900;59.93007911682129;0.8517883121224034
2022-02-25;50.5099983215332;51.66999816894531;49.79999923706055;51.0;50.79872512817383;12307000;59.83385633468628;0.8489963415365775
2022-03-02;50.7400016784668;52.63999938964844;50.4900016784668;51.88999938964844;51.68521499633789;5665200;59.73927955627441;0.8651797507475866
2022-03-03;51.119998931884766;52.34000015258789;50.439998626708984;51.349998474121094;51.147342681884766;6527000;59.638249187469484;0.8576264960613779
2022-03-04;51.33000183105469;51.439998626708984;50.349998474121094;51.29999923706055;51.09754180908203;7281900;59.53345010757446;0.8582996906235218
2022-03-07;50.290000915527344;51.97999954223633;49.619998931884766;51.97999954223633;51.77485656738281;9550200;59.42079389572144;0.8713255608506912
2022-03-08;51.400001525878906;52.29999923706055;51.150001525878906;51.68000030517578;51.476043701171875;5317100;59.32668668746948;0.8676709685869621
2022-03-09;51.939998626708984;53.630001068115234;51.63999938964844;52.380001068115234;52.173282623291016;4556000;59.23518573760986;0.8807819537259411
2022-03-10;51.11000061035156;51.939998626708984;50.5;51.27000045776367;51.06766128540039;2305000;59.130139446258546;0.8636485853684502
2022-03-11;51.540000915527344;52.31999969482422;50.630001068115234;51.09000015258789;50.888370513916016;2409600;59.02087249755859;0.8622097295498473
2022-03-14;52.5;52.5;50.29999923706055;50.369998931884766;50.17121124267578;2157000;58.91413040161133;0.8515989441015932
2022-03-15;50.16999816894531;51.13999938964844;49.619998931884766;51.13999938964844;50.93817138671875;4800700;58.807605590820316;0.8661833937117487
2022-03-16;51.2599983215332;52.400001525878906;50.59000015258789;52.0099983215332;51.80473709106445;3467600;58.70732015609741;0.8824238093873197
2022-03-17;51.91999816894531;52.15999984741211;51.130001068115234;51.79999923706055;51.5955696105957;3644100;58.618210296630856;0.8801969447634469
2022-03-18;51.40999984741211;52.709999084472656;51.40999984741211;51.900001525878906;51.69517517089844;6181600;58.52959846496582;0.8832313312697971
2022-03-21;52.310001373291016;52.310001373291016;50.720001220703125;51.25;51.0477409362793;2727400;58.441562519073486;0.8734835061882359
2022-03-22;51.75;52.5099983215332;51.2400016784668;52.290000915527344;52.08363723754883;2866400;58.366772232055666;0.8923508230072028
2022-03-23;52.060001373291016;52.84000015258789;51.61000061035156;52.439998626708984;52.2330436706543;1494900;58.28930692672729;0.896099926806712
2022-03-24;52.439998626708984;53.52000045776367;52.02000045776367;52.43000030517578;52.22308349609375;2386300;58.213111743927;0.897101734155997
2022-03-25;52.7400016784668;53.15999984741211;52.20000076293945;52.2599983215332;52.05375289916992;2185500;58.13851417541504;0.8953402686232017
2022-03-28;52.45000076293945;52.58000183105469;51.540000915527344;51.61000061035156;51.40631866455078;1413900;58.05823516845703;0.8854268221449447
2022-03-29;52.9900016784668;53.18000030517578;51.189998626708984;51.5;51.2967529296875;2958700;57.97770164489746;0.8847669271864291
2022-03-30;52.0099983215332;52.02000045776367;49.459999084472656;49.779998779296875;49.58353805541992;5459600;57.883077983856204;0.856615435503429
2022-03-31;49.5;50.95000076293945;49.5;49.900001525878906;49.703067779541016;2289100;57.79081188201904;0.860051384656279
2022-04-01;50.31999969482422;50.959999084472656;49.79999923706055;50.529998779296875;50.529998779296875;3333300;57.7039514541626;0.875676578569071
2022-04-04;50.4900016784668;51.41999816894531;50.150001525878906;50.959999084472656;50.959999084472656;2175500;57.625205001831056;0.8843352328699462
2022-04-05;50.97999954223633;50.97999954223633;49.75;49.88999938964844;49.88999938964844;2074600;57.540668640136715;0.86703892340327
2022-04-06;49.38999938964844;49.83000183105469;48.0099983215332;48.58000183105469;48.58000183105469;3904200;57.44865345001221;0.8456247259707419
2022-04-07;48.2599983215332;48.4900016784668;47.380001068115234;47.58000183105469;47.58000183105469;2288400;57.35931327819824;0.829507870854155
2022-04-08;47.06999969482422;47.34000015258789;46.099998474121094;46.65999984741211;46.65999984741211;1445700;57.2655686378479;0.8148002535780922
2022-04-11;46.13999938964844;46.13999938964844;45.15999984741211;45.41999816894531;45.41999816894531;2426100;57.151691608428955;0.7947271006453743
2022-04-12;46.0;46.220001220703125;44.529998779296875;44.720001220703125;44.720001220703125;3363500;57.03895875930786;0.7840255536467963
2022-04-13;44.900001525878906;45.2400016784668;43.08000183105469;43.93000030517578;43.93000030517578;5161500;56.92525789260864;0.7717136809121035
2022-04-14;43.68000030517578;43.97999954223633;42.02000045776367;42.470001220703125;42.470001220703125;3253500;56.80151998519897;0.7476912806518158
2022-04-18;42.029998779296875;42.880001068115234;41.84000015258789;42.439998626708984;42.439998626708984;4195700;56.67386348724365;0.748846046754189
2022-04-19;41.959999084472656;43.029998779296875;41.81999969482422;42.59000015258789;42.59000015258789;2432300;56.54690809249878;0.7531799985053057
2022-04-20;42.59000015258789;43.20000076293945;41.5099983215332;41.599998474121094;41.599998474121094;2720400;56.41705823898315;0.7373656084282725
2022-04-22;40.790000915527344;41.2599983215332;39.630001068115234;40.29999923706055;40.29999923706055;2856800;56.27928909301758;0.7160715760011342
2022-04-25;39.79999923706055;41.38999938964844;39.68000030517578;40.83000183105469;40.83000183105469;4145500;56.13398990631104;0.7273668217634437
2022-04-26;39.72999954223633;40.25;38.97999954223633;39.66999816894531;39.66999816894531;4253000;55.986218757629395;0.708567198307876
2022-04-27;39.56999969482422;40.189998626708984;39.380001068115234;39.5;39.5;4537400;55.841806678771974;0.7073553373232059
2022-04-28;39.04999923706055;39.47999954223633;38.59000015258789;38.65999984741211;38.65999984741211;5166400;55.687957744598386;0.6942254917071734
2022-04-29;39.189998626708984;39.66999816894531;36.58000183105469;36.72999954223633;36.72999954223633;12623100;55.526073913574216;0.661491024908518
2022-05-02;36.13999938964844;36.75;35.25;35.93000030517578;35.93000030517578;3436700;55.36337135314941;0.6489850496276156
2022-05-03;35.849998474121094;37.029998779296875;35.18000030517578;35.88999938964844;35.88999938964844;3448900;55.201202926635744;0.6501669798273682
2022-05-04;35.63999938964844;37.75;34.91999816894531;37.45000076293945;37.45000076293945;6328000;55.045904598236085;0.6803412721850249
2022-05-05;37.34000015258789;37.349998474121094;34.849998474121094;35.630001068115234;35.630001068115234;4375900;54.88703678131103;0.6491514783368156
2022-05-06;35.54999923706055;35.54999923706055;34.34000015258789;34.86000061035156;34.86000061035156;3598300;54.725836181640624;0.6369934758903942
2022-05-09;34.290000915527344;35.189998626708984;34.0;34.43000030517578;34.43000030517578;2284300;54.57080577850342;0.6309234363319312
2022-05-10;34.720001220703125;35.439998626708984;33.5;33.65999984741211;33.65999984741211;3142200;54.412757396698;0.618604927554264
2022-05-11;33.5;33.5;31.559999465942383;31.850000381469727;31.850000381469727;4418300;54.247665662765506;0.5871220446510552
2022-05-12;31.459999084472656;33.279998779296875;31.219999313354492;32.400001525878906;32.400001525878906;7548500;54.067459936141965;0.5992514085948539
2022-05-13;31.75;33.060001373291016;31.3799991607666;32.70000076293945;32.70000076293945;5958400;53.89227807044983;0.6067659771255707
2022-05-16;32.93000030517578;33.06999969482422;32.11000061035156;32.849998474121094;32.849998474121094;1882600;53.72797726631165;0.611413273782756
2022-05-17;33.15999984741211;33.970001220703125;33.099998474121094;33.810001373291016;33.810001373291016;3875800;53.5673507976532;0.6311680691659712
2022-05-18;33.810001373291016;33.810001373291016;32.70000076293945;32.900001525878906;32.900001525878906;5000800;53.40041239738464;0.6161001394717736
2022-05-19;32.91999816894531;33.16999816894531;32.43000030517578;33.02000045776367;33.02000045776367;4317800;53.225802698135375;0.6203758099249942
2022-05-20;33.36000061035156;34.16999816894531;32.880001068115234;34.040000915527344;34.040000915527344;3890500;53.058299684524535;0.6415584577327825
2022-05-23;34.25;34.58000183105469;32.70000076293945;33.43000030517578;33.43000030517578;3437200;52.881628847122194;0.6321666150227715
2022-05-24;33.34000015258789;34.38999938964844;32.689998626708984;33.81999969482422;33.81999969482422;6033700;52.6998602771759;0.6417474262160715
2022-05-25;33.54999923706055;35.7400016784668;33.36000061035156;34.9900016784668;34.9900016784668;7490400;52.5298637676239;0.6660973238623251
2022-05-26;35.029998779296875;37.66999816894531;34.79999923706055;37.130001068115234;37.130001068115234;7012400;52.37130139350891;0.7089761010353136
2022-05-27;37.099998474121094;37.9900016784668;36.459999084472656;37.400001525878906;37.400001525878906;3315500;52.21624249458313;0.7162522567524607
2022-05-30;37.7400016784668;37.970001220703125;36.08000183105469;36.560001373291016;36.560001373291016;2664600;52.057815618515015;0.7022961094104762
2022-05-31;36.7400016784668;37.22999954223633;35.81999969482422;35.81999969482422;35.81999969482422;8242800;51.89461199760437;0.690245062367511
2022-06-01;35.81999969482422;37.27000045776367;35.29999923706055;35.29999923706055;35.29999923706055;3843600;51.728857316970824;0.6824043883428212
2022-06-02;35.630001068115234;36.31999969482422;35.119998931884766;35.560001373291016;35.560001373291016;3167800;51.54693018913269;0.68985682062572
2022-06-03;35.54999923706055;35.54999923706055;33.91999816894531;33.9900016784668;33.9900016784668;2556100;51.359600152969364;0.6618042503685976
2022-06-06;34.400001525878906;34.630001068115234;32.93000030517578;33.130001068115234;33.130001068115234;3371500;51.16797011375427;0.6474753834178324
2022-06-07;33.0;33.72999954223633;32.81999969482422;33.29999923706055;33.29999923706055;4006700;50.9802245426178;0.6531944403113179
2022-06-08;32.959999084472656;34.29999923706055;32.81999969482422;33.349998474121094;33.349998474121094;3906900;50.78783467292786;0.6566532849627099
2022-06-09;33.18000030517578;34.58000183105469;32.84000015258789;34.0;34.0;3841200;50.59830330848694;0.6719592906645374
2022-06-10;33.209999084472656;33.93000030517578;32.689998626708984;33.20000076293945;33.20000076293945;2629400;50.39380885124206;0.6588111023904312
2022-06-13;32.650001525878906;32.81999969482422;31.65999984741211;32.02000045776367;32.02000045776367;3589400;50.182729196548465;0.6380681356000459
2022-06-14;31.969999313354492;32.099998474121094;31.170000076293945;31.950000762939453;31.950000762939453;4872900;49.969292860031125;0.6393926936775858
2022-06-15;32.25;33.119998931884766;31.5;31.700000762939453;31.700000762939453;8068300;49.75465550422668;0.6371263239928678
2022-06-17;31.229999542236328;31.229999542236328;29.940000534057617;30.139999389648438;30.139999389648438;9948100;49.54053833961487;0.6083906311843027
2022-06-20;30.299999237060547;30.65999984741211;29.399999618530273;29.649999618530273;29.649999618530273;2635700;49.31800018310547;0.601200363121927
2022-06-21;29.639999389648438;30.719999313354492;29.40999984741211;30.270000457763672;30.270000457763672;5138900;49.11060190200806;0.6163638661599458
2022-06-22;30.040000915527344;30.6200008392334;29.3700008392334;29.920000076293945;29.920000076293945;4077500;48.9233798122406;0.6115685423027127
2022-06-23;29.850000381469727;30.899999618530273;29.479999542236328;29.600000381469727;29.600000381469727;3020200;48.7385710144043;0.6073218759885611
2022-06-24;29.940000534057617;29.940000534057617;29.229999542236328;29.600000381469727;29.600000381469727;2252700;48.54896584510803;0.6096937363384092
2022-06-27;29.5;30.399999618530273;29.40999984741211;29.40999984741211;29.40999984741211;1921200;48.36075995445251;0.6081376693648167
2022-06-28;29.510000228881836;29.6299991607666;28.030000686645508;28.290000915527344;28.290000915527344;3795600;48.153152265548705;0.5875004975690344
2022-06-29;28.5;29.649999618530273;28.290000915527344;29.09000015258789;29.09000015258789;5130100;47.95600499153137;0.6065976546154114
2022-06-30;28.3799991607666;29.350000381469727;28.25;28.979999542236328;28.979999542236328;2993000;47.7543434047699;0.606855784752381
2022-07-01;28.559999465942383;28.75;27.770000457763672;28.68000030517578;28.68000030517578;4005900;47.55978056907654;0.6030305430766343
